ts,open,high,low,close,volume
2026-07-01 00:00:00+00:00,70.0,70.07727583046066,69.75063428514797,70.00051666441014,1317771.0407756602
2026-07-01 01:00:00+00:00,70.00051666441014,70.01735699743365,69.43531421348563,69.80955352516474,1298842.7563170095
2026-07-01 02:00:00+00:00,69.80955352516474,69.94633614444987,69.50402704000325,69.60338922135128,974347.9622749765
2026-07-01 03:00:00+00:00,69.60338922135128,69.65556161033112,69.40980738586836,69.64741235536614,956061.0447061172
2026-07-01 04:00:00+00:00,69.64741235536614,70.17707333191939,68.72933156882392,69.08568596615306,1234129.5353710025
2026-07-01 05:00:00+00:00,69.08568596615306,69.43593560453677,68.24812721835895,68.32226079543062,728169.6270862756
2026-07-01 06:00:00+00:00,68.32226079543062,69.07496806350873,68.17504192935591,68.38651832715247,1011911.056217096
2026-07-01 07:00:00+00:00,68.38651832715247,68.80508095743554,68.23596796054706,68.36661746240314,1011294.1172796111
2026-07-01 08:00:00+00:00,68.36661746240314,68.65673766380885,67.74569210820238,67.96522922546816,1153625.6967054715
2026-07-01 09:00:00+00:00,67.96522922546816,68.12388737421809,67.92160568584258,67.95196715467961,1264038.1838413966
2026-07-01 10:00:00+00:00,67.95196715467961,68.33020519677893,67.9312716409447,67.99700468968275,1007832.6478947384
2026-07-01 11:00:00+00:00,67.99700468968275,68.7870277027884,67.96454182470266,68.55138022516641,673196.4840504365
2026-07-01 12:00:00+00:00,68.55138022516641,68.7603960465802,67.95995219325589,68.28753813982863,889011.247211326
2026-07-01 13:00:00+00:00,68.28753813982863,68.3696582400176,68.10100109615993,68.31806931871422,858429.0770065653
2026-07-01 14:00:00+00:00,68.31806931871422,68.71117766324743,68.10623723783304,68.29080330938105,1382998.307528977
2026-07-01 15:00:00+00:00,68.29080330938105,68.40884572359651,67.9665054374155,68.374038302701,1141160.1950502305
2026-07-01 16:00:00+00:00,68.374038302701,68.6198467643653,67.82425802337502,68.13638316541245,921998.6384831853
2026-07-01 17:00:00+00:00,68.13638316541245,68.31269380329836,67.05658792621777,67.59530078461978,1137412.1300890278
2026-07-01 18:00:00+00:00,67.59530078461978,67.93517400654167,67.22156830485518,67.40745214660481,705292.6526466445
2026-07-01 19:00:00+00:00,67.40745214660481,67.47491228455566,66.8651299621174,67.27511240881267,1055775.3182874217
2026-07-01 20:00:00+00:00,67.27511240881267,67.3699942853556,67.06992393425938,67.10233985206048,1041861.1901338109
2026-07-01 21:00:00+00:00,67.10233985206048,67.10543232191615,66.9039900338433,67.02291045218604,1055755.419579046
2026-07-01 22:00:00+00:00,67.02291045218604,67.498372106131,66.84372308630448,67.49185411730247,630445.8293529912
2026-07-01 23:00:00+00:00,67.49185411730247,67.49331182274706,67.19705049806574,67.35422356008364,857730.6478241801
2026-07-02 00:00:00+00:00,67.35422356008364,67.80905427022827,66.28843606693535,66.83254088665733,624280.2355072893
2026-07-02 01:00:00+00:00,66.83254088665733,66.87639714736537,66.11145223359355,66.71044710638517,942576.197111585
2026-07-02 02:00:00+00:00,66.71044710638517,66.76525746270275,66.24663931796849,66.3775393545807,1072232.7858317718
2026-07-02 03:00:00+00:00,66.3775393545807,66.56405040437531,66.16938829989947,66.30728295108842,1212197.906622818
2026-07-02 04:00:00+00:00,66.30728295108842,66.31664205132303,65.6180960860126,65.89604153582636,604143.0926523457
2026-07-02 05:00:00+00:00,65.89604153582636,66.2553965955098,65.84523676517482,65.99877574485038,935122.920730548
2026-07-02 06:00:00+00:00,65.99877574485038,66.06546964828955,65.47138050652767,66.03414045721138,1234418.9264784271
2026-07-02 07:00:00+00:00,66.03414045721138,66.59637283726047,65.36376910801923,65.58587133827423,758816.9183941382
2026-07-02 08:00:00+00:00,65.58587133827423,65.8076819767355,64.6965335770381,64.89875578560572,1358499.2491286516
2026-07-02 09:00:00+00:00,64.89875578560572,65.27427479028826,64.52449578320322,64.94974720825097,1361631.5925660175
2026-07-02 10:00:00+00:00,64.94974720825097,64.99128048435794,64.67085957628197,64.92410313619231,1016932.903220979
2026-07-02 11:00:00+00:00,64.92410313619231,65.36543329074581,64.71808690619581,65.35205169675939,941319.6030690066
2026-07-02 12:00:00+00:00,65.35205169675939,65.68065993186448,65.06643227951716,65.1065607272862,654972.2816974892
2026-07-02 13:00:00+00:00,65.1065607272862,65.6657767050536,65.02148331241001,65.48388773445159,800799.3973318065
2026-07-02 14:00:00+00:00,65.48388773445159,65.86557289213242,65.16580577466156,65.26377109115268,1103697.7462721628
2026-07-02 15:00:00+00:00,65.26377109115268,65.47440232285706,64.7153038623406,65.14632695786572,762329.4017708129
2026-07-02 16:00:00+00:00,65.14632695786572,65.23422924407946,64.51871913267202,64.88395668644024,1272135.0537267115
2026-07-02 17:00:00+00:00,64.88395668644024,65.0479969685725,63.86483929237691,64.31789958726091,1127420.0052872505
2026-07-02 18:00:00+00:00,64.31789958726091,64.61997424600149,64.12435121228852,64.60151324100137,1102480.6838919255
2026-07-02 19:00:00+00:00,64.60151324100137,64.81481952886702,64.31513194403898,64.77779171176724,929213.4587983799
2026-07-02 20:00:00+00:00,64.77779171176724,64.90918820347383,64.23010682752161,64.30513300396201,690563.9620201783
2026-07-02 21:00:00+00:00,64.30513300396201,64.43579099499544,64.13005829269554,64.29209561355015,1018643.3223801417
2026-07-02 22:00:00+00:00,64.29209561355015,64.29781029546947,63.873636666244934,64.17564940819018,616172.4586849174
2026-07-02 23:00:00+00:00,64.17564940819018,64.58294374929305,63.820894447917304,64.43768281054908,1053644.6547083165
2026-07-03 00:00:00+00:00,64.43768281054908,64.84127017823573,64.29801185412744,64.80479586191076,1142298.9668538475
2026-07-03 01:00:00+00:00,64.80479586191076,65.34860351942365,64.68669102654205,65.10864340741927,1030717.1039017957
2026-07-03 02:00:00+00:00,65.10864340741927,65.92693286774701,64.98000641701488,65.70047042162041,753002.1440679178
2026-07-03 03:00:00+00:00,65.70047042162041,66.43701347750913,65.39951577554714,66.04485354198768,1368056.7336209407
2026-07-03 04:00:00+00:00,66.04485354198768,66.31299892738697,65.37244109566285,65.37568513879182,854402.5582898258
2026-07-03 05:00:00+00:00,65.37568513879182,66.25961736171655,65.30787773435037,65.70507169362632,850977.1776017951
2026-07-03 06:00:00+00:00,65.70507169362632,65.73270037681311,65.47891073492411,65.72256996198169,1213487.325390524
2026-07-03 07:00:00+00:00,65.72256996198169,65.97802273170232,64.69761372415535,65.12574550956764,1110999.9728176822
2026-07-03 08:00:00+00:00,65.12574550956764,65.42956586173713,64.8680312272108,65.32334265015501,1105563.7797436148
2026-07-03 09:00:00+00:00,65.32334265015501,65.55501629211425,65.01456585515334,65.06542305049646,1177637.866341243
2026-07-03 10:00:00+00:00,65.06542305049646,65.15384850258147,64.23515988033357,64.75975560259866,621361.8800690277
2026-07-03 11:00:00+00:00,64.75975560259866,64.78293647676372,64.21497165616427,64.2185755333008,1355843.6238454727
2026-07-03 12:00:00+00:00,64.2185755333008,64.40948381169527,63.638924128772224,63.65992639714013,1125795.130616587
2026-07-03 13:00:00+00:00,63.65992639714013,63.985028168690675,63.65445862898995,63.690885888667424,1129956.9772914029
2026-07-03 14:00:00+00:00,63.690885888667424,64.19246348882561,62.032595634427786,62.85000734764528,1031617.3271579476
2026-07-03 15:00:00+00:00,62.85000734764528,62.861853293431395,62.35626039870806,62.65010082587554,665225.1682420587
2026-07-03 16:00:00+00:00,62.65010082587554,62.68960212127057,62.28453043902315,62.29649117633692,662037.2578808023
2026-07-03 17:00:00+00:00,62.29649117633692,62.49718695944975,62.13886043770949,62.27650828519719,704547.3966458213
2026-07-03 18:00:00+00:00,62.27650828519719,62.48459335684958,62.1060582099103,62.357108298426574,845128.4633654881
2026-07-03 19:00:00+00:00,62.357108298426574,62.80091449047298,62.35527293260595,62.76636261806992,947850.729901271
2026-07-03 20:00:00+00:00,62.76636261806992,63.13302030096471,62.152038706205396,62.267503520237064,677446.1670691743
2026-07-03 21:00:00+00:00,62.267503520237064,63.20979586931735,62.20513688279696,62.55582242259765,1139360.7923481688
2026-07-03 22:00:00+00:00,62.55582242259765,62.82528160762188,62.46542574884198,62.53279784640929,1205967.9251057615
2026-07-03 23:00:00+00:00,62.53279784640929,62.61644848545649,62.46452773092558,62.46591573111967,1198665.2503183354
2026-07-04 00:00:00+00:00,62.46591573111967,63.1371639336249,62.01197466935009,63.03896679738916,1239629.5771105143
2026-07-04 01:00:00+00:00,63.03896679738916,63.86582083563935,62.87030012956358,63.632455665461926,1351343.9669527048
2026-07-04 02:00:00+00:00,63.632455665461926,63.738695400611526,63.58063328520878,63.674509816188646,1112983.288487852
2026-07-04 03:00:00+00:00,63.674509816188646,63.83683508475935,63.65962013678269,63.69525635133135,1177036.1709077752
2026-07-04 04:00:00+00:00,63.69525635133135,64.10359517750014,63.34518366662009,63.47382920024586,626671.3880889972
2026-07-04 05:00:00+00:00,63.47382920024586,63.781252949884895,63.45685336393023,63.49955535584941,1038423.0146128311
2026-07-04 06:00:00+00:00,63.49955535584941,63.89043850921413,63.443413023710434,63.83241673618094,1335570.6770443097
2026-07-04 07:00:00+00:00,63.83241673618094,63.93453448168708,63.614264213091595,63.87439077640093,1394359.0869988846
2026-07-04 08:00:00+00:00,63.87439077640093,64.36162130206185,63.484900722122326,64.21340475667009,1336457.5559970888
2026-07-04 09:00:00+00:00,64.21340475667009,64.26257482522507,64.09206207225922,64.09258225473495,1059962.3470632152
2026-07-04 10:00:00+00:00,64.09258225473495,64.6093007685074,63.64470387177449,63.710481629905836,1331542.2092479353
2026-07-04 11:00:00+00:00,63.710481629905836,63.7917987456638,63.315534587707134,63.6329295889307,978722.0702057322
2026-07-04 12:00:00+00:00,63.6329295889307,63.863396112028866,62.93689423390205,63.210306005336534,1175798.7513108605
2026-07-04 13:00:00+00:00,63.210306005336534,63.929636710772606,62.71669648713794,63.78843682062131,1310959.4453666662
2026-07-04 14:00:00+00:00,63.78843682062131,64.13371879773975,63.702513680475654,63.71314283714536,781743.6007306826
2026-07-04 15:00:00+00:00,63.71314283714536,64.52081357601953,63.49514822110734,64.27858839546721,741043.4970945016
2026-07-04 16:00:00+00:00,64.27858839546721,64.33137691032994,64.02917151587351,64.08414390587734,1135891.6478538497
2026-07-04 17:00:00+00:00,64.08414390587734,64.20855802555118,64.03118672335187,64.19824163990857,1012928.9500087551
2026-07-04 18:00:00+00:00,64.19824163990857,64.67866937980602,64.01395966445793,64.16589739600145,1232651.039016423
2026-07-04 19:00:00+00:00,64.16589739600145,64.286992000899,63.66625592707159,64.18738419876824,690553.3126256341
2026-07-04 20:00:00+00:00,64.18738419876824,64.36870972332677,63.606559616524144,63.64473092534467,1375926.058865737
2026-07-04 21:00:00+00:00,63.64473092534467,63.817523395870985,62.831268939184234,62.991731744962216,1331964.722191072
2026-07-04 22:00:00+00:00,62.991731744962216,64.04406248769972,62.696791473000154,63.845041881268735,653118.5748026231
2026-07-04 23:00:00+00:00,63.845041881268735,64.1391170371372,63.79384901244414,63.823553831039035,1208767.61732623
2026-07-05 00:00:00+00:00,63.823553831039035,64.09484238360746,63.10780310133184,63.38282148454551,1279754.6741171572
2026-07-05 01:00:00+00:00,63.38282148454551,63.416305236037,63.10424590456787,63.20254154642603,734112.5783189932
2026-07-05 02:00:00+00:00,63.20254154642603,63.56756496733478,62.87353011200086,63.07393234151117,1077314.269884897
2026-07-05 03:00:00+00:00,63.07393234151117,63.32665959457975,62.56480032079164,63.00156052794244,1011573.0701561972
2026-07-05 04:00:00+00:00,63.00156052794244,63.10037086168165,62.61057397516052,62.70515201809869,1242933.2782400432
2026-07-05 05:00:00+00:00,62.70515201809869,63.39858163556432,62.47169728183296,63.09236105953982,1114945.1758341482
2026-07-05 06:00:00+00:00,63.09236105953982,63.87885671950181,62.75223965442113,63.397275485370244,1153696.9030280134
2026-07-05 07:00:00+00:00,63.397275485370244,63.72240669049941,63.32228761026407,63.624755191997984,767229.926291285
2026-07-05 08:00:00+00:00,63.624755191997984,63.66940812055371,62.793436916953546,63.19473185448842,1182273.6523554171
2026-07-05 09:00:00+00:00,63.19473185448842,63.61721454338093,62.85289414258111,62.94929901710729,927256.685025103
2026-07-05 10:00:00+00:00,62.94929901710729,63.592436585657794,62.86438348066841,63.32085910843782,667806.3157869685
2026-07-05 11:00:00+00:00,63.32085910843782,63.43713284058255,62.91177202580791,62.92423589181551,631684.4624709055
2026-07-05 12:00:00+00:00,62.92423589181551,63.00089968558666,62.464183633645746,62.72181719550565,659328.8782539256
2026-07-05 13:00:00+00:00,62.72181719550565,62.943319098633076,61.85579735293268,62.23652849575725,1302952.7077981227
2026-07-05 14:00:00+00:00,62.23652849575725,62.481100186424634,62.02406850858715,62.237838506768576,1165852.3088196754
2026-07-05 15:00:00+00:00,62.237838506768576,62.431980572396434,61.948418893878966,62.04433993819621,1096308.3469915448
2026-07-05 16:00:00+00:00,62.04433993819621,62.19018757865575,61.92131947982053,61.95973019347015,924902.9789896928
2026-07-05 17:00:00+00:00,61.95973019347015,62.45406028238059,61.93443346239401,62.18397878245534,904344.1248914001
2026-07-05 18:00:00+00:00,62.18397878245534,62.42885537922215,62.17419603541098,62.20336345740832,870426.0565455711
2026-07-05 19:00:00+00:00,62.20336345740832,62.47245097158661,61.11592036993533,61.560723566491845,1228192.3221589697
2026-07-05 20:00:00+00:00,61.560723566491845,61.93610779517445,61.27102514050178,61.538850979500225,1288266.948956859
2026-07-05 21:00:00+00:00,61.538850979500225,61.63224920461097,61.06655772457647,61.26440928295623,1142137.3055794046
2026-07-05 22:00:00+00:00,61.26440928295623,61.44955391323994,60.893593296183724,60.99919023824714,834113.6281086929
2026-07-05 23:00:00+00:00,60.99919023824714,61.447033919703195,60.19218732943362,60.64366798488167,957903.4254554148
2026-07-06 00:00:00+00:00,60.64366798488167,60.65119980933657,60.48840978110512,60.5271378903994,1311258.3149748151
2026-07-06 01:00:00+00:00,60.5271378903994,60.79679017158408,60.1500629957799,60.545182172729696,995066.671131327
2026-07-06 02:00:00+00:00,60.545182172729696,60.726081986904234,59.9800930208849,60.177566477850654,758416.8654075656
2026-07-06 03:00:00+00:00,60.177566477850654,60.26296967457272,59.66613026930966,60.0,978937.6104547069
2026-07-06 04:00:00+00:00,60.0,60.258181254587655,59.7503118848301,60.0,1036711.1812643628
2026-07-06 05:00:00+00:00,60.0,60.36150698415349,59.765458115880456,60.0,1216411.185227744
2026-07-06 06:00:00+00:00,60.0,60.596104027549124,59.79115863115098,60.498902098696604,956154.8585986131
2026-07-06 07:00:00+00:00,60.498902098696604,60.50638055010761,59.97982695411972,60.0,1114685.8631377756
2026-07-06 08:00:00+00:00,60.0,60.01590573248775,59.990718388911574,60.0,981229.6180597027
2026-07-06 09:00:00+00:00,60.0,60.49773428175574,59.81608657171779,60.464602333609136,1369640.8601619925
2026-07-06 10:00:00+00:00,60.464602333609136,60.64416619532162,60.42684811999065,60.441027621800046,653981.008454475
2026-07-06 11:00:00+00:00,60.441027621800046,60.46615067211433,60.00261259715356,60.062677270152705,756457.9624322528
2026-07-06 12:00:00+00:00,60.062677270152705,60.290425226562114,59.94305375896211,60.0,990462.5086817802
2026-07-06 13:00:00+00:00,60.0,60.00106360876743,59.67304638049855,60.0,1214152.9008378575
2026-07-06 14:00:00+00:00,60.0,60.17217788336102,59.929355133787716,60.024163667794205,950097.1117805457
2026-07-06 15:00:00+00:00,60.024163667794205,60.06041426497167,59.962074193578076,60.0,1111858.60470533
2026-07-06 16:00:00+00:00,60.0,60.234369472466646,59.93527191126508,60.0,826665.1242866017
2026-07-06 17:00:00+00:00,60.0,60.28899266149076,59.94345842183732,60.0,732038.2715017603
2026-07-06 18:00:00+00:00,60.0,60.15705853869011,59.86743842580717,60.051558801651964,815712.1781304672
2026-07-06 19:00:00+00:00,60.051558801651964,60.1099379164197,59.93198968979169,60.0,925049.8159131304
2026-07-06 20:00:00+00:00,60.0,60.20040616147101,59.84710600050808,60.13799253327576,1339048.1800976628
2026-07-06 21:00:00+00:00,60.13799253327576,60.658593150291445,60.00860272808139,60.29337921114699,1130646.8227927932
2026-07-06 22:00:00+00:00,60.29337921114699,60.773248336073245,59.9177083842022,60.71644735912706,1362684.8083182843
2026-07-06 23:00:00+00:00,60.71644735912706,61.67835592145896,60.624836585390135,61.05981519470723,625955.3511311681
2026-07-07 00:00:00+00:00,61.05981519470723,61.214897085205564,60.20511081797829,60.51314479482567,1089540.0141133985
2026-07-07 01:00:00+00:00,60.51314479482567,60.936244948774686,59.99351818744074,60.378498683142354,1361938.3290780906
2026-07-07 02:00:00+00:00,60.378498683142354,60.683016586822305,60.17343940242654,60.34105673865377,614930.2999049644
2026-07-07 03:00:00+00:00,60.34105673865377,60.52173164372773,60.10094720560268,60.49505617177915,1281184.8723749733
2026-07-07 04:00:00+00:00,60.49505617177915,60.672002514436,60.07401278959482,60.21470949377679,705778.419863101
2026-07-07 05:00:00+00:00,60.21470949377679,60.67663082271162,60.127472286846405,60.60162962639267,1342397.2626320699
2026-07-07 06:00:00+00:00,60.60162962639267,60.742388251194384,60.22379024013235,60.23707620985385,1282794.3320159486
2026-07-07 07:00:00+00:00,60.23707620985385,60.43667877164708,60.09254165515438,60.34854237487586,796380.6809753272
2026-07-07 08:00:00+00:00,60.34854237487586,60.42937888098375,59.82013785381013,60.03561872631346,769932.1606743309
2026-07-07 09:00:00+00:00,60.03561872631346,60.17643984910393,59.85387888203661,60.17285933010589,1161924.702435085
2026-07-07 10:00:00+00:00,60.17285933010589,60.303602954283654,59.8362891299438,60.0,1012832.9014246087
2026-07-07 11:00:00+00:00,60.0,60.68804343734139,59.9275257585323,60.612262874523616,667518.8095316362
2026-07-07 12:00:00+00:00,60.612262874523616,60.90824366600481,60.392546087796646,60.89845410432682,850237.5252376543
2026-07-07 13:00:00+00:00,60.89845410432682,61.62561500939438,60.85010555643883,61.61368642981295,834351.9219983006
2026-07-07 14:00:00+00:00,61.61368642981295,62.47529381501457,61.37544917109387,62.11024481709682,902609.2909594293
2026-07-07 15:00:00+00:00,62.11024481709682,62.305645069391474,61.78152061179521,62.04091625785828,621161.7842543124
2026-07-07 16:00:00+00:00,62.04091625785828,62.124510803566366,61.317048999784205,61.47903239175082,1184645.77084513
2026-07-07 17:00:00+00:00,61.47903239175082,61.60050760296777,60.7972756143297,60.91744807255196,958457.6823595257
2026-07-07 18:00:00+00:00,60.91744807255196,60.97591907503932,60.47726442142086,60.74367043409443,775604.4637101644
2026-07-07 19:00:00+00:00,60.74367043409443,60.793398412552555,60.241687627738486,60.41140310924379,972631.3303777027
2026-07-07 20:00:00+00:00,60.41140310924379,60.88016861697939,60.393795456477825,60.65623278878717,818387.7597788722
2026-07-07 21:00:00+00:00,60.65623278878717,60.708104410212655,60.30665415587485,60.52838970141797,699899.5058971358
2026-07-07 22:00:00+00:00,60.52838970141797,60.821646579135404,59.75872844721057,60.29866522058234,653264.5958193229
2026-07-07 23:00:00+00:00,60.29866522058234,61.07531025780696,59.92880317855601,61.021890545886286,604577.9434987291
2026-07-08 00:00:00+00:00,61.021890545886286,61.050418425543256,60.8662037163646,60.976331063125734,658575.1974502549
2026-07-08 01:00:00+00:00,60.976331063125734,61.32675704123619,60.51148574280151,60.67298005354404,962520.257193366
2026-07-08 02:00:00+00:00,60.67298005354404,60.72456632880419,60.24732550938621,60.396902274060444,913760.6672473656
2026-07-08 03:00:00+00:00,60.396902274060444,60.611929811985426,60.18832969193465,60.2755397244292,1362860.4928467204
2026-07-08 04:00:00+00:00,60.2755397244292,60.282069549186076,59.82256620296873,60.0,1056898.285562847
2026-07-08 05:00:00+00:00,60.0,60.16812474991801,59.617047317235546,60.0,1040376.5443653632
2026-07-08 06:00:00+00:00,60.0,60.60775339986427,59.770637065792315,60.0,732748.4259719941
2026-07-08 07:00:00+00:00,60.0,60.49378468071128,59.94390145757391,60.0,1035956.6893104044
2026-07-08 08:00:00+00:00,60.0,60.11860211955191,59.838880042722586,60.0,897824.3285360882
2026-07-08 09:00:00+00:00,60.0,60.41030179238248,59.86417253067054,60.0,685620.0279941343
2026-07-08 10:00:00+00:00,60.0,60.41959989165772,59.84694964956067,60.24634434173301,799615.5696705029
2026-07-08 11:00:00+00:00,60.24634434173301,60.41080708063435,60.09402780779754,60.17617834501902,635419.0034240311
2026-07-08 12:00:00+00:00,60.17617834501902,60.35463288458436,59.92075341774616,60.0,1337272.3418284801
2026-07-08 13:00:00+00:00,60.0,60.55428502974382,59.707932689464435,60.0,1019227.7558102467
2026-07-08 14:00:00+00:00,60.0,60.567088918695475,59.99457765058494,60.091204596837535,882889.4974440397
2026-07-08 15:00:00+00:00,60.091204596837535,60.38130197319916,59.8795500856452,60.0,1246567.3430711918
2026-07-08 16:00:00+00:00,60.0,60.11090667007775,59.637514403211384,60.028673272103745,1297016.123213402
2026-07-08 17:00:00+00:00,60.028673272103745,60.21121775701538,60.01113456114416,60.135775925322314,1006295.6545957011
2026-07-08 18:00:00+00:00,60.135775925322314,60.5405513703551,59.992889444436166,60.0,641913.4056141666
2026-07-08 19:00:00+00:00,60.0,60.98514117985973,59.83060761579562,60.66439213582439,885207.9434741393
2026-07-08 20:00:00+00:00,60.66439213582439,60.67801191171332,60.40151727571588,60.41816260270872,864888.1292453456
2026-07-08 21:00:00+00:00,60.41816260270872,60.52334214147379,60.29237767489973,60.312590153474005,1203979.5043743188
2026-07-08 22:00:00+00:00,60.312590153474005,60.86277522424976,59.98329743328913,60.0,848423.7105380445
2026-07-08 23:00:00+00:00,60.0,60.16994923720884,59.7326954737987,60.0,950304.8330492001
2026-07-09 00:00:00+00:00,60.0,60.06476103097731,59.97073102955957,60.0,1169890.1402611746
2026-07-09 01:00:00+00:00,60.0,60.57949054308451,59.87518592033879,60.55944636069915,1156615.158765852
2026-07-09 02:00:00+00:00,60.55944636069915,61.26474501146342,60.431264549096916,61.10095980825706,674127.3877598905
2026-07-09 03:00:00+00:00,61.10095980825706,61.68656565459055,60.71626013851095,61.34421725533662,1334565.7928641618
2026-07-09 04:00:00+00:00,61.34421725533662,61.78450555015019,61.21181961799523,61.62044106732862,967032.5780146191
2026-07-09 05:00:00+00:00,61.62044106732862,61.7116931736434,60.913109569010885,61.280244625738554,1397782.0384537582
2026-07-09 06:00:00+00:00,61.280244625738554,61.35672230867616,60.65418245926831,61.041650304198214,1226646.0168483274
2026-07-09 07:00:00+00:00,61.041650304198214,61.22626390387365,60.74431276587701,60.96852677273123,962350.6168306159
2026-07-09 08:00:00+00:00,60.96852677273123,61.1258822330187,60.044326339184614,60.52303273806343,1352167.563587445
2026-07-09 09:00:00+00:00,60.52303273806343,60.862860757457405,60.497438384019446,60.77611202783795,908895.1949426598
2026-07-09 10:00:00+00:00,60.77611202783795,61.30811443689696,60.67279682122371,61.006449141151045,1203194.515748358
2026-07-09 11:00:00+00:00,61.006449141151045,61.50625442726772,60.96627377067413,61.14996106230786,784084.9299928517
2026-07-09 12:00:00+00:00,61.14996106230786,61.48229744327707,60.65573558233289,61.054817902875264,1208552.7342787206
2026-07-09 13:00:00+00:00,61.054817902875264,61.510663013024796,60.98612212488923,61.09305848816247,749256.4010960793
2026-07-09 14:00:00+00:00,61.09305848816247,61.115568550070165,60.903585967135484,61.06018721668127,837091.6823495068
2026-07-09 15:00:00+00:00,61.06018721668127,61.271727801792366,60.82111480395922,61.262293353454154,1062366.6902847013
2026-07-09 16:00:00+00:00,61.262293353454154,62.32315495554067,61.05649230990486,62.20757135453096,1071918.2755336657
2026-07-09 17:00:00+00:00,62.20757135453096,62.621408192892304,62.20020565877423,62.50031831478201,1375779.739312613
2026-07-09 18:00:00+00:00,62.50031831478201,62.61922464240366,61.611282758205284,62.13331199331002,1393199.1676220647
2026-07-09 19:00:00+00:00,62.13331199331002,62.170152234809244,61.548670771388515,61.59443789906432,1360054.2846096207
2026-07-09 20:00:00+00:00,61.59443789906432,61.79115516972205,60.80334307726573,60.9388382714093,1161916.0492492847
2026-07-09 21:00:00+00:00,60.9388382714093,61.092700640784194,60.76899508998569,60.910045452222114,628189.360980801
2026-07-09 22:00:00+00:00,60.910045452222114,61.26292056243202,60.429463251556676,60.48273161218433,866617.5329763571
2026-07-09 23:00:00+00:00,60.48273161218433,61.13196418856255,60.33720918164914,60.90341818247453,948166.903662953
2026-07-10 00:00:00+00:00,60.90341818247453,61.090306078318754,60.72391436103238,60.84589099313709,796013.7981166635
2026-07-10 01:00:00+00:00,60.84589099313709,61.14049647531108,60.69593928270291,60.81492565312051,674562.2170951911
2026-07-10 02:00:00+00:00,60.81492565312051,60.81866831485472,60.15316873235448,60.17953650910903,620347.2988664003
2026-07-10 03:00:00+00:00,60.17953650910903,60.85219311823168,59.91447846213212,60.65496332183856,724610.4605984063
2026-07-10 04:00:00+00:00,60.65496332183856,61.15931816779432,60.59344567026638,60.97081851952272,669231.5763200499
2026-07-10 05:00:00+00:00,60.97081851952272,61.253484213296296,60.94372251270709,61.02715123486007,1094330.2735075615
2026-07-10 06:00:00+00:00,61.02715123486007,61.302712468229494,60.95213143792517,61.1956621851021,1361785.5507383468
2026-07-10 07:00:00+00:00,61.1956621851021,61.22799590223103,60.814640304479084,61.09361665058162,612105.7413900977
2026-07-10 08:00:00+00:00,61.09361665058162,61.32993122977181,61.026968015107705,61.08587721896437,1154457.3907507593
2026-07-10 09:00:00+00:00,61.08587721896437,61.37433375239096,60.82684137913736,61.329529259334635,741644.6221335843
2026-07-10 10:00:00+00:00,61.329529259334635,62.24652055778547,61.27576026817236,61.74704738633115,795308.4038271371
2026-07-10 11:00:00+00:00,61.74704738633115,62.04660900307996,61.364769671994125,62.021278050397164,1004123.4696946822
2026-07-10 12:00:00+00:00,62.021278050397164,62.033428265650564,61.18370270123981,61.53037483063963,1169965.7548641413
2026-07-10 13:00:00+00:00,61.53037483063963,61.667784899262514,61.34923750575886,61.59949806685474,853407.1438000678
2026-07-10 14:00:00+00:00,61.59949806685474,61.74128351132418,61.07371335795475,61.61271621310039,677212.4210591826
2026-07-10 15:00:00+00:00,61.61271621310039,61.982149496152886,61.595856370878614,61.94543359901314,643594.3785550724
2026-07-10 16:00:00+00:00,61.94543359901314,62.50675110215371,61.89871438532928,62.33059634363016,1361024.3188072317
2026-07-10 17:00:00+00:00,62.33059634363016,63.0745691022279,62.171216297162175,62.77529916486787,1099002.0761066831
2026-07-10 18:00:00+00:00,62.77529916486787,62.79962838361564,62.03636803818436,62.360702149874115,1254212.3430247556
2026-07-10 19:00:00+00:00,62.360702149874115,62.65805648454067,62.120169691830284,62.226477077191326,976873.1838669749
2026-07-10 20:00:00+00:00,62.226477077191326,62.53902304481018,62.138106500419646,62.37818053360304,943023.8638804296
2026-07-10 21:00:00+00:00,62.37818053360304,62.50097770465227,62.34952685875715,62.3662496156731,614668.9103409019
2026-07-10 22:00:00+00:00,62.3662496156731,62.483698144704505,62.08851094322207,62.377420715790464,836669.4526742334
2026-07-10 23:00:00+00:00,62.377420715790464,62.75769962805799,62.230498870331374,62.45744862681879,1368065.1640975035
2026-07-11 00:00:00+00:00,62.45744862681879,63.51316785550375,62.3779667834127,63.30845121835136,831870.2380621381
2026-07-11 01:00:00+00:00,63.30845121835136,64.51375439146307,63.063101533346675,64.0133718035572,867209.0734606655
2026-07-11 02:00:00+00:00,64.0133718035572,64.45787283161408,63.99522648915584,64.2685212596727,1245803.7021142053
2026-07-11 03:00:00+00:00,64.2685212596727,64.46409426489842,64.00442854609769,64.44402091400777,655529.6186043279
2026-07-11 04:00:00+00:00,64.44402091400777,64.71057494669707,63.32658043416841,63.57035438614741,1135525.872293803
2026-07-11 05:00:00+00:00,63.57035438614741,63.66543075658732,63.25171187821129,63.48312908654985,1245288.6834078683
2026-07-11 06:00:00+00:00,63.48312908654985,63.4899110539317,63.009988192762236,63.135456912950445,1295239.8057339522
2026-07-11 07:00:00+00:00,63.135456912950445,63.78924378425533,63.1309210154635,63.522992191359755,1015574.6964830037
2026-07-11 08:00:00+00:00,63.522992191359755,63.791921295572664,63.4007292178035,63.4874364106669,1240936.7704973517
2026-07-11 09:00:00+00:00,63.4874364106669,63.508455609413545,63.16625760093048,63.39458160782716,810906.1638395858
2026-07-11 10:00:00+00:00,63.39458160782716,63.9035906287933,63.18525965444767,63.78560169223645,937835.298338908
2026-07-11 11:00:00+00:00,63.78560169223645,64.03048558542957,63.269987098487626,63.92292084835325,831608.1751822862
2026-07-11 12:00:00+00:00,63.92292084835325,64.31101841446,63.753582688068036,64.06522859679751,797084.5604222842
2026-07-11 13:00:00+00:00,64.06522859679751,64.08090472574189,63.90567339032257,63.918319282526674,915263.5944011002
2026-07-11 14:00:00+00:00,63.918319282526674,63.97595638524214,63.242416326527156,63.808556844602954,675487.0729173005
2026-07-11 15:00:00+00:00,63.808556844602954,64.13391466342692,63.75258300976418,63.95090846514744,840697.5386109627
2026-07-11 16:00:00+00:00,63.95090846514744,64.50356466481368,63.678204941283035,64.05553433070111,770691.4310012046
2026-07-11 17:00:00+00:00,64.05553433070111,64.46315378101228,63.00342637123886,63.270830645579615,854657.2385546904
2026-07-11 18:00:00+00:00,63.270830645579615,63.59411852396664,63.18991135004292,63.5181203245962,1049679.9212748262
2026-07-11 19:00:00+00:00,63.5181203245962,63.964332610991065,63.445873378379105,63.4953251503451,942633.8641572213
2026-07-11 20:00:00+00:00,63.4953251503451,63.69097033519112,63.4328273797912,63.54270242267061,691314.6890209822
2026-07-11 21:00:00+00:00,63.54270242267061,64.30459383452836,63.03870292951914,63.85991027831719,805584.6679636016
2026-07-11 22:00:00+00:00,63.85991027831719,63.949490967281804,63.54427312826429,63.74626542714853,931926.8205771476
2026-07-11 23:00:00+00:00,63.74626542714853,63.776596861963306,63.02328345543656,63.64457205315609,1175071.5832358804
2026-07-12 00:00:00+00:00,63.64457205315609,64.30568344345807,63.54153714034311,64.08182229130823,971914.1988422399
2026-07-12 01:00:00+00:00,64.08182229130823,64.64600257348296,63.85503686742488,64.46801118613205,1156217.0181040673
2026-07-12 02:00:00+00:00,64.46801118613205,65.09220107726576,64.06837531972505,64.8024657756451,624028.1863327217
2026-07-12 03:00:00+00:00,64.8024657756451,64.99682648458656,64.3680628147235,64.53068807298547,997624.6550514054
2026-07-12 04:00:00+00:00,64.53068807298547,65.02068856881584,64.23355398035545,64.71703734089891,894352.2709478418
2026-07-12 05:00:00+00:00,64.71703734089891,65.24878426098915,64.47025913062926,65.05456865559702,1349229.301073496
2026-07-12 06:00:00+00:00,65.05456865559702,65.43728076653112,64.38624523499884,65.01175290119879,897730.8246891452
2026-07-12 07:00:00+00:00,65.01175290119879,65.07080622067336,64.53710675020069,64.58001995987017,1122004.1574443367
2026-07-12 08:00:00+00:00,64.58001995987017,64.97935976341533,64.02737613692281,64.68520088376876,1315852.0466277678
2026-07-12 09:00:00+00:00,64.68520088376876,64.71948751645698,64.62801751259745,64.68513703407416,959342.6420514936
2026-07-12 10:00:00+00:00,64.68513703407416,64.8902113572939,64.24142547983298,64.33124637910801,1039452.2267727149
2026-07-12 11:00:00+00:00,64.33124637910801,64.92545548406187,63.693886844004616,64.06867900046355,1073883.8221796923
2026-07-12 12:00:00+00:00,64.06867900046355,64.38594979733627,64.0120268751193,64.1846926270762,677808.5296553735
2026-07-12 13:00:00+00:00,64.1846926270762,64.23925339054173,63.96335115888129,64.10456824368738,1295391.8194565505
2026-07-12 14:00:00+00:00,64.10456824368738,64.50470530586803,63.79631227653253,64.39108041592624,812648.2736866646
2026-07-12 15:00:00+00:00,64.39108041592624,64.43763521052554,64.10366686630628,64.37192154239202,1345154.0366199177
2026-07-12 16:00:00+00:00,64.37192154239202,64.60514360043823,64.35668452054762,64.51325327082418,1254405.472031729
2026-07-12 17:00:00+00:00,64.51325327082418,64.70914570223634,64.18438952279449,64.4639671204611,1124047.3903813397
2026-07-12 18:00:00+00:00,64.4639671204611,65.17714670379095,64.33783793343575,64.98253690075772,1304133.118020943
2026-07-12 19:00:00+00:00,64.98253690075772,65.16912594926737,64.42291313375085,64.71858157839773,907689.667013466
2026-07-12 20:00:00+00:00,64.71858157839773,64.9078183207384,63.897546111900304,64.41506217694756,870475.0825685072
2026-07-12 21:00:00+00:00,64.41506217694756,64.58196412818691,64.05509204877835,64.3996532500162,1164915.15900322
2026-07-12 22:00:00+00:00,64.3996532500162,64.48170134713087,64.10406327795813,64.10511939509037,1370818.3182462298
2026-07-12 23:00:00+00:00,64.10511939509037,64.84588807524868,64.06937046888011,64.51131349453435,1277917.0072339396
2026-07-13 00:00:00+00:00,64.51131349453435,64.80704229994765,64.23811595930538,64.64860189521693,1229052.4019458746
2026-07-13 01:00:00+00:00,64.64860189521693,64.68484529426878,64.6237450146353,64.66894645472657,842374.8739594657
2026-07-13 02:00:00+00:00,64.66894645472657,65.9647738310911,64.4488004285876,65.57730095803075,699899.0225551847
2026-07-13 03:00:00+00:00,65.57730095803075,65.69201153586782,65.25501662949002,65.52938142135946,1112192.839767641
2026-07-13 04:00:00+00:00,65.52938142135946,65.95944042837328,65.09447496874299,65.3365349386056,981868.5832700162
2026-07-13 05:00:00+00:00,65.3365349386056,65.81306396855727,65.23911359760028,65.54683005059044,1008614.1167152425
2026-07-13 06:00:00+00:00,65.54683005059044,65.71481761700142,65.4811678430018,65.55920776235044,1044746.7818735236
2026-07-13 07:00:00+00:00,65.55920776235044,65.98343239009026,64.27636647148542,64.8439169194385,765366.301327013
2026-07-13 08:00:00+00:00,64.8439169194385,64.94101400488987,64.50329873200205,64.71249027548944,1320135.2111675353
2026-07-13 09:00:00+00:00,64.71249027548944,64.73374636256186,64.20290742412126,64.6887750118905,600525.406684673
2026-07-13 10:00:00+00:00,64.6887750118905,64.83050446297752,64.57288391641193,64.63156285114204,647727.9040114579
2026-07-13 11:00:00+00:00,64.63156285114204,65.00885983160106,64.39268387698917,64.88003065418535,1172790.9249165046
2026-07-13 12:00:00+00:00,64.88003065418535,65.70015225904505,64.84222311238615,65.33693952396318,679235.0927354812
2026-07-13 13:00:00+00:00,65.33693952396318,65.69407759010537,65.21399941897445,65.26867604553718,1396588.765977983
2026-07-13 14:00:00+00:00,65.26867604553718,65.72334141485123,64.82914428174996,65.06090274763926,827232.0713460548
2026-07-13 15:00:00+00:00,65.06090274763926,65.31855084224348,65.0320007449064,65.0529026263313,1332512.0918569425
2026-07-13 16:00:00+00:00,65.0529026263313,65.15760045840673,64.91467058043537,64.97902008390462,1078492.1050103107
2026-07-13 17:00:00+00:00,64.97902008390462,65.268671668075,64.97060531191208,65.21523878573196,999869.5240369005
2026-07-13 18:00:00+00:00,65.21523878573196,65.59561252001824,64.3198631869966,64.62933680825108,1125927.3189790826
2026-07-13 19:00:00+00:00,64.62933680825108,65.53155871841278,64.4603615546228,65.13548949553564,1317995.7550364288
2026-07-13 20:00:00+00:00,65.13548949553564,65.80551617197891,65.04758844574528,65.62806030176165,1351362.0888597812
2026-07-13 21:00:00+00:00,65.62806030176165,66.05100569243285,65.30976993051269,65.74012934106506,1174921.3607450724
2026-07-13 22:00:00+00:00,65.74012934106506,66.38285681489735,65.33756134835355,66.20770095488808,660271.6885241843
2026-07-13 23:00:00+00:00,66.20770095488808,66.30916459161445,65.91453560047613,66.15567591162753,1219743.6784289984
2026-07-14 00:00:00+00:00,66.15567591162753,66.53787021773303,65.83683576207243,66.01269471881106,1091540.9839922623
2026-07-14 01:00:00+00:00,66.01269471881106,66.38046799801153,65.92264394729938,66.09953591754524,1172016.634538923
2026-07-14 02:00:00+00:00,66.09953591754524,66.2202545918443,64.86845056153614,65.12483424215704,994724.8757060907
2026-07-14 03:00:00+00:00,65.12483424215704,65.32893541402619,64.82921108413744,65.20246725186735,952179.6968659022
2026-07-14 04:00:00+00:00,65.20246725186735,66.32134683631031,65.1404786795283,65.99586449193158,875101.3372319135
2026-07-14 05:00:00+00:00,65.99586449193158,66.37362385433681,65.86722022147778,66.16442423175853,1043772.5834897334
2026-07-14 06:00:00+00:00,66.16442423175853,66.36841417410723,65.63120043089144,65.79802513629265,710898.9499048819
2026-07-14 07:00:00+00:00,65.79802513629265,66.67339547327916,65.61153782544572,65.9285521881646,1108097.4485928388
2026-07-14 08:00:00+00:00,65.9285521881646,66.50979733563295,65.73823884429137,66.47609076578587,811290.4252953327
2026-07-14 09:00:00+00:00,66.47609076578587,66.92052343899698,66.31644274618188,66.83266475405648,648927.5328260958
2026-07-14 10:00:00+00:00,66.83266475405648,66.98795709928848,66.24453458891058,66.61707082303293,857145.2927283923
2026-07-14 11:00:00+00:00,66.61707082303293,67.18950457018991,66.57315670484611,66.78431849073179,1060958.840101617
2026-07-14 12:00:00+00:00,66.78431849073179,67.16840922943628,65.76766295993735,66.18904635798482,1180701.7525311366
2026-07-14 13:00:00+00:00,66.18904635798482,66.34412250457623,65.40069223875656,65.8525113573811,670231.408112925
2026-07-14 14:00:00+00:00,65.8525113573811,66.30185598850933,65.83007732440096,66.24884884022315,1310203.7956288375
2026-07-14 15:00:00+00:00,66.24884884022315,66.32716929890599,65.8223864341306,66.3185138580828,1157758.702821183
2026-07-14 16:00:00+00:00,66.3185138580828,66.55910490701103,65.59210479432122,65.6412141591536,1024424.9266248476
2026-07-14 17:00:00+00:00,65.6412141591536,66.1759710145015,65.22377820465393,65.97198907597307,907261.4604534588
2026-07-14 18:00:00+00:00,65.97198907597307,66.57550762254535,65.9238432207943,66.410170717861,967626.3736609642
2026-07-14 19:00:00+00:00,66.410170717861,66.46874671129824,64.97352960512487,65.37992496355747,775974.3559807605
2026-07-14 20:00:00+00:00,65.37992496355747,65.86269593503413,65.00565190903528,65.49261443741823,1314817.310086122
2026-07-14 21:00:00+00:00,65.49261443741823,66.26090967231995,65.0684712422481,66.20271561884573,701629.1587910599
2026-07-14 22:00:00+00:00,66.20271561884573,66.74449092034303,65.86807320029041,66.55358513604314,995727.8317765552
2026-07-14 23:00:00+00:00,66.55358513604314,67.12705105883525,66.22492359332843,66.77005225316098,1170640.3267297726
2026-07-15 00:00:00+00:00,66.77005225316098,67.0058599499005,66.57469450530796,66.68565561260681,712272.8155296148
2026-07-15 01:00:00+00:00,66.68565561260681,67.18516206335316,66.66925609792428,66.84043348641671,1257368.245810789
2026-07-15 02:00:00+00:00,66.84043348641671,67.17889913011987,66.42513191743545,66.55561512579249,1255603.905226458
2026-07-15 03:00:00+00:00,66.55561512579249,66.9909253023089,65.76783574937716,65.81581797214497,1387377.2195924805
2026-07-15 04:00:00+00:00,65.81581797214497,66.37213853501773,65.63690505317689,65.9769288668579,896339.6975129084
2026-07-15 05:00:00+00:00,65.9769288668579,66.42496646140135,65.52586579510341,66.33819664715651,916167.251818556
2026-07-15 06:00:00+00:00,66.33819664715651,66.68765033527711,66.11460456324062,66.20350112101514,1238185.4956852982
2026-07-15 07:00:00+00:00,66.20350112101514,66.58617413781467,66.06190172614696,66.32474949801475,971459.3070046378
2026-07-15 08:00:00+00:00,66.32474949801475,66.72011702549561,66.17303704900941,66.5544719425023,751348.4879907009
2026-07-15 09:00:00+00:00,66.5544719425023,66.66498580052985,65.6915087480785,65.84243955720424,1240440.8684317856
2026-07-15 10:00:00+00:00,65.84243955720424,66.04051815090355,64.58655530534813,64.99744460340735,1117955.0674003174
2026-07-15 11:00:00+00:00,64.99744460340735,65.2904885283536,63.8975407459015,64.14307295542957,1197493.26876875
2026-07-15 12:00:00+00:00,64.14307295542957,64.65673672295652,63.84508536395151,64.618064496708,1137960.5504985917
2026-07-15 13:00:00+00:00,64.618064496708,65.51548452537197,63.886872679235495,64.86098659374639,724374.3611191951
2026-07-15 14:00:00+00:00,64.86098659374639,65.37407564762671,64.48025186992398,65.13655576826676,1281334.3283650377
2026-07-15 15:00:00+00:00,65.13655576826676,65.76348531115138,64.8232588243809,65.75790737477088,774260.2775615765
2026-07-15 16:00:00+00:00,65.75790737477088,66.20559046698332,65.66379198009894,65.68794905999029,1360281.2521225142
2026-07-15 17:00:00+00:00,65.68794905999029,65.71658894046071,64.79292709898496,65.29721146848509,1007156.9475730518
2026-07-15 18:00:00+00:00,65.29721146848509,66.12380928368437,65.09355909211068,65.805599847678,1004584.6587800946
2026-07-15 19:00:00+00:00,65.805599847678,66.13243272413509,65.59929604457555,65.67258158313324,1390726.9623692413
2026-07-15 20:00:00+00:00,65.67258158313324,66.10142767971203,64.95611860669328,65.15212143810098,710865.8627406693
2026-07-15 21:00:00+00:00,65.15212143810098,65.54040883445671,64.83004856598687,65.24042060818991,942246.3301136221
2026-07-15 22:00:00+00:00,65.24042060818991,65.93702861272595,65.05349558984908,65.80987243422071,879313.5321703972
2026-07-15 23:00:00+00:00,65.80987243422071,66.30005731985167,65.73327141738442,66.08820540543715,717035.6538993685
2026-07-16 00:00:00+00:00,66.08820540543715,66.35256414430967,65.98130963042422,66.19911627768394,1355029.734780104
2026-07-16 01:00:00+00:00,66.19911627768394,66.57574494622455,65.47753124242207,65.51544665593335,1121712.586048026
2026-07-16 02:00:00+00:00,65.51544665593335,65.63422335834075,64.76898743224186,65.13900893964983,805343.4306171918
2026-07-16 03:00:00+00:00,65.13900893964983,65.33351230720812,64.37871836666874,64.82115177450672,965758.3249742965
2026-07-16 04:00:00+00:00,64.82115177450672,65.53413164128284,64.42856694495946,65.15233727962531,655281.4864479676
2026-07-16 05:00:00+00:00,65.15233727962531,66.46954611670427,64.4615127819322,65.73845736871634,756140.4314819023
2026-07-16 06:00:00+00:00,65.73845736871634,66.40574043340607,65.6820539163261,66.36087818430596,1282375.3887194707
2026-07-16 07:00:00+00:00,66.36087818430596,66.58258806395578,66.23666089758842,66.4015789579581,952545.1951689004
2026-07-16 08:00:00+00:00,66.4015789579581,66.51151369702913,65.77761084089448,66.49030322183575,660562.7412973668
2026-07-16 09:00:00+00:00,66.49030322183575,66.99996945371593,65.8729144201534,66.20476797226627,1116742.733033738
2026-07-16 10:00:00+00:00,66.20476797226627,66.87414960694376,66.18840987115267,66.73249649019782,847184.197293871
2026-07-16 11:00:00+00:00,66.73249649019782,66.86976086707463,66.18498709617167,66.31426433228147,1146491.713090041
2026-07-16 12:00:00+00:00,66.31426433228147,66.76797298203114,66.07364891184008,66.61411417689598,1339472.0614204535
2026-07-16 13:00:00+00:00,66.61411417689598,67.00141673683812,65.90659406055191,66.726960085524,1106751.438785031
2026-07-16 14:00:00+00:00,66.726960085524,67.11058692273816,66.49830170799714,67.06443479606986,602232.4042177673
2026-07-16 15:00:00+00:00,67.06443479606986,67.1704865153711,66.58564061810182,66.69960180909227,892813.07338937
2026-07-16 16:00:00+00:00,66.69960180909227,67.05015540597545,66.37456823949654,66.99724106097749,921151.9995455942
2026-07-16 17:00:00+00:00,66.99724106097749,68.14246194824271,66.78368446294907,67.6583332402114,750534.0676940872
2026-07-16 18:00:00+00:00,67.6583332402114,68.45887329316157,66.92613303408427,68.2630509540583,1027861.8728086342
2026-07-16 19:00:00+00:00,68.2630509540583,68.72667836485272,67.64777213309205,67.76191778227843,752622.104935908
2026-07-16 20:00:00+00:00,67.76191778227843,68.25554745060863,67.64877930546305,68.07303135520858,890042.536768666
2026-07-16 21:00:00+00:00,68.07303135520858,68.24500091754778,67.6707207325588,67.71033622825286,1246242.4098753568
2026-07-16 22:00:00+00:00,67.71033622825286,68.16450358264755,67.16140164716492,67.77118438129595,1033856.150810366
2026-07-16 23:00:00+00:00,67.77118438129595,68.35250570946157,67.74643253751,68.25243933618954,857480.7063950798
2026-07-17 00:00:00+00:00,68.25243933618954,68.95369407822669,68.04514868849427,68.48224519868022,1125500.4888373862
2026-07-17 01:00:00+00:00,68.48224519868022,69.99442392517456,68.37856253841888,69.71009662306062,991307.5629260031
2026-07-17 02:00:00+00:00,69.71009662306062,70.04849628804547,69.61568040014082,69.66224124693318,984773.220050064
2026-07-17 03:00:00+00:00,69.66224124693318,70.41071003673865,69.62936701601986,70.29001841076065,712933.8477277786
2026-07-17 04:00:00+00:00,70.29001841076065,70.55201679943015,69.84589620865948,70.09738635983781,1365057.201415687
2026-07-17 05:00:00+00:00,70.09738635983781,70.12761220411065,68.81749513259604,69.5562273313109,1141781.7251842485
2026-07-17 06:00:00+00:00,69.5562273313109,69.68331532623372,69.11365267703526,69.55366356388367,1266364.185777944
2026-07-17 07:00:00+00:00,69.55366356388367,69.96566687590122,69.04140163659446,69.07433542886048,858535.9892713063
2026-07-17 08:00:00+00:00,69.07433542886048,69.98412338355476,69.05550096522514,69.7311208386577,1317175.4183412374
2026-07-17 09:00:00+00:00,69.7311208386577,70.260271569723,69.71713454121073,70.2600153926923,778094.0246808926
2026-07-17 10:00:00+00:00,70.2600153926923,70.81812715972883,70.20916436987163,70.21124070447169,728814.6391233297
2026-07-17 11:00:00+00:00,70.21124070447169,70.42098130049969,69.53740346946428,69.72134495212995,925101.0924152564
2026-07-17 12:00:00+00:00,69.72134495212995,69.72820054626473,69.1828924683284,69.66236109812375,865902.1627650949
2026-07-17 13:00:00+00:00,69.66236109812375,69.79967084901217,68.99637413912514,69.10292641079046,758071.5499304982
2026-07-17 14:00:00+00:00,69.10292641079046,69.6281743559386,68.49814261169922,69.62227326860348,1170674.181770597
2026-07-17 15:00:00+00:00,69.62227326860348,70.1195281524517,69.50548984383423,69.90904690941794,1135212.1839800416
2026-07-17 16:00:00+00:00,69.90904690941794,69.95647997414646,68.97761856736635,69.53993302572287,803566.2528793104
2026-07-17 17:00:00+00:00,69.53993302572287,69.66528274242835,68.99608193580384,69.46597669891902,615902.1444122009
2026-07-17 18:00:00+00:00,69.46597669891902,69.49509559727507,68.99033466448589,69.31399208089249,703089.5906191885
2026-07-17 19:00:00+00:00,69.31399208089249,69.64844004363964,68.9420091931925,69.58441091388657,754694.9807166157
2026-07-17 20:00:00+00:00,69.58441091388657,69.8915156095528,69.17785319179625,69.28724763844286,1031097.5145662695
2026-07-17 21:00:00+00:00,69.28724763844286,69.58613040520176,68.5338561492151,69.1603453899381,1149038.3621246463
2026-07-17 22:00:00+00:00,69.1603453899381,69.46863827497384,68.56555055688163,68.80714164456684,1177574.0104516733
2026-07-17 23:00:00+00:00,68.80714164456684,69.05818524272784,68.41707187791488,68.45145758541997,817855.2617823187
2026-07-18 00:00:00+00:00,68.45145758541997,68.65717817736224,67.99214307110121,68.62043161360366,798366.77710973
2026-07-18 01:00:00+00:00,68.62043161360366,68.77461713677995,68.36298366512871,68.75632228648375,949955.2400214236
2026-07-18 02:00:00+00:00,68.75632228648375,69.10149056691685,68.6974823213248,68.87065148895269,1381624.0290136763
2026-07-18 03:00:00+00:00,68.87065148895269,69.39389146451344,68.58246064998296,69.34060944597412,642725.3850624633
2026-07-18 04:00:00+00:00,69.34060944597412,69.94423887301075,68.8795845128857,68.99247003135562,934397.5654156853
2026-07-18 05:00:00+00:00,68.99247003135562,69.03817129315357,68.59264971167339,68.77309107875654,1225596.8489219097
2026-07-18 06:00:00+00:00,68.77309107875654,68.91016222433765,68.37492124919066,68.85128213725211,783677.9305152253
2026-07-18 07:00:00+00:00,68.85128213725211,69.36382853518629,68.81628931360397,68.96559362797176,959413.4477336109
2026-07-18 08:00:00+00:00,68.96559362797176,69.55949183810452,68.69423283902131,68.93706349680112,831948.1266331172
2026-07-18 09:00:00+00:00,68.93706349680112,69.00742658165031,68.7141831105064,68.77692945564047,933171.3650872824
2026-07-18 10:00:00+00:00,68.77692945564047,69.2016858247805,68.69697399288233,68.94492333184901,757165.0389576547
2026-07-18 11:00:00+00:00,68.94492333184901,69.16355814497099,68.714805943104,69.00514650643852,761056.353817515
2026-07-18 12:00:00+00:00,69.00514650643852,69.29719029487916,68.56066574526756,68.98098566663435,674260.8441434846
2026-07-18 13:00:00+00:00,68.98098566663435,69.5474609638026,68.57650781628541,69.33029770683223,1225067.5211194486
2026-07-18 14:00:00+00:00,69.33029770683223,69.44392908453044,68.5206885639765,68.6099940681339,963670.5028126638
2026-07-18 15:00:00+00:00,68.6099940681339,69.19596565590642,68.26240706183513,68.39793055902749,811913.2529769217
2026-07-18 16:00:00+00:00,68.39793055902749,68.51088302912657,67.50183136624064,67.8154672244027,764336.2741049512
2026-07-18 17:00:00+00:00,67.8154672244027,67.81870165385398,67.09889414333075,67.25761732584374,898706.4178565585
2026-07-18 18:00:00+00:00,67.25761732584374,67.69899133112789,67.0099470244158,67.4853120078265,1282111.049714129
2026-07-18 19:00:00+00:00,67.4853120078265,68.00262737511723,67.35444317473915,67.66744635318724,791146.9592699829
2026-07-18 20:00:00+00:00,67.66744635318724,67.946945131246,67.25704057959693,67.34933159306163,1129584.9047034907
2026-07-18 21:00:00+00:00,67.34933159306163,68.10809516039404,67.0138888077522,67.7747414062939,927563.951138414
2026-07-18 22:00:00+00:00,67.7747414062939,67.81940054232359,67.7107459091452,67.73428851095954,682402.8688942319
2026-07-18 23:00:00+00:00,67.73428851095954,67.944964567152,67.00611781628994,67.35979633026352,1323180.518894197
2026-07-19 00:00:00+00:00,67.35979633026352,67.69742499427335,66.76528087071122,67.62234757601992,961447.6367378824
2026-07-19 01:00:00+00:00,67.62234757601992,67.8287187971462,67.55604653195407,67.58045840444215,860384.476976709
2026-07-19 02:00:00+00:00,67.58045840444215,67.75952845620228,66.38400479218595,66.61619071458428,660839.8440046702
2026-07-19 03:00:00+00:00,66.61619071458428,66.67932668568038,65.66681573115478,65.87963430256195,1273251.2593876875
2026-07-19 04:00:00+00:00,65.87963430256195,66.47056180071475,65.29622875202885,65.51372176909047,1343518.2396186974
2026-07-19 05:00:00+00:00,65.51372176909047,65.78168828051427,64.92555146495482,65.2361949489253,1354293.16269852
2026-07-19 06:00:00+00:00,65.2361949489253,66.36645553145709,64.93037358967082,65.91139477805481,1131834.6988511886
2026-07-19 07:00:00+00:00,65.91139477805481,66.65666504286455,65.6826755769522,66.34972816560054,1335350.7016069947
2026-07-19 08:00:00+00:00,66.34972816560054,66.72610703855084,66.02253004179082,66.28265002012695,874013.6702021043
2026-07-19 09:00:00+00:00,66.28265002012695,66.30231743720067,65.84632118482212,66.01543287041656,1377685.2962556907
2026-07-19 10:00:00+00:00,66.01543287041656,66.46045241626803,65.69403140915225,66.33146929303801,676585.3510470281
2026-07-19 11:00:00+00:00,66.33146929303801,66.61028516416263,66.12620206207069,66.47912425880324,1073876.748376472
2026-07-19 12:00:00+00:00,66.47912425880324,67.17953183299758,66.37814337274965,66.88455966081581,907323.6885590733
2026-07-19 13:00:00+00:00,66.88455966081581,66.91390446236231,66.27491367319057,66.58130674305309,1323522.405149829
2026-07-19 14:00:00+00:00,66.58130674305309,66.97366267521055,66.34243103943736,66.86480929812295,992220.4084278661
2026-07-19 15:00:00+00:00,66.86480929812295,67.19509447951764,66.61050054289873,67.04770297964167,873169.1684848941
2026-07-19 16:00:00+00:00,67.04770297964167,68.00425745821413,66.77272695502404,67.42185733245802,1247152.0260382239
2026-07-19 17:00:00+00:00,67.42185733245802,67.79887478913848,66.77297713019523,67.12890197601351,1269955.0463397994
2026-07-19 18:00:00+00:00,67.12890197601351,67.22825250287146,66.05034224579992,66.66305874201632,822682.6677828521
2026-07-19 19:00:00+00:00,66.66305874201632,67.2495293549003,66.48230708780098,66.9639117291587,951149.0835820815
2026-07-19 20:00:00+00:00,66.9639117291587,67.45799629669555,66.7035059207436,66.93392504874534,1353775.260180352
2026-07-19 21:00:00+00:00,66.93392504874534,67.41167138776656,66.8119262340302,67.03324801309141,1315371.885635139
2026-07-19 22:00:00+00:00,67.03324801309141,67.74140081912982,66.82866666147167,67.43870116808735,1267684.0649866303
2026-07-19 23:00:00+00:00,67.43870116808735,67.52420572297592,67.26259603661816,67.2921397011164,974937.1609112389
2026-07-20 00:00:00+00:00,67.2921397011164,68.42000714237872,67.09440094155805,68.19737345930177,1025427.1609816927
2026-07-20 01:00:00+00:00,68.19737345930177,68.52635152198205,67.5586591669824,67.71384825046019,1393160.4728859072
2026-07-20 02:00:00+00:00,67.71384825046019,67.71768224965827,67.1949280390596,67.45874234722865,1025191.0767785057
2026-07-20 03:00:00+00:00,67.45874234722865,67.80587604201014,67.34974494934156,67.68867730525618,1170552.5324766377
2026-07-20 04:00:00+00:00,67.68867730525618,68.02117016023819,67.41861343070273,67.5776954028423,1257976.65024755
2026-07-20 05:00:00+00:00,67.5776954028423,67.94716324358465,67.18518753912912,67.50464904380425,1228137.0642498364
2026-07-20 06:00:00+00:00,67.50464904380425,67.66796294677879,67.21789389719845,67.65059062747,867189.974862119
2026-07-20 07:00:00+00:00,67.65059062747,68.15041836711517,67.35694672496042,68.0697439244816,686723.0438403387
2026-07-20 08:00:00+00:00,68.0697439244816,68.79444737427471,68.06673358877977,68.4865453854446,827685.2931107852
2026-07-20 09:00:00+00:00,68.4865453854446,69.17552810109098,68.34860721575332,68.97785937976033,1077217.6172050782
2026-07-20 10:00:00+00:00,68.97785937976033,69.20493278617535,68.70465336547586,69.14245393913055,813921.3677493931
2026-07-20 11:00:00+00:00,69.14245393913055,69.17183742032604,68.6583669504801,68.9300567530036,1369606.069152968
2026-07-20 12:00:00+00:00,68.9300567530036,69.49038683679252,68.80748833886943,68.89273477182914,1332930.2184918586
2026-07-20 13:00:00+00:00,68.89273477182914,68.98015357688215,67.7754320923784,68.36478903776626,1333454.5067667547
2026-07-20 14:00:00+00:00,68.36478903776626,68.72383444948036,68.2683650723963,68.4495979918918,1057288.0252138744
2026-07-20 15:00:00+00:00,68.4495979918918,68.91677831371041,68.28436354743687,68.72537252993979,1189756.3923588202
2026-07-20 16:00:00+00:00,68.72537252993979,68.85550193938231,68.65294288469906,68.85014368091991,970893.3216159622
2026-07-20 17:00:00+00:00,68.85014368091991,68.99892702920796,67.77033690568592,67.88953321879744,1259672.5779741567
2026-07-20 18:00:00+00:00,67.88953321879744,67.96176748862823,67.07041104963226,67.3442871451714,1281201.7306456517
2026-07-20 19:00:00+00:00,67.3442871451714,68.13477697993324,67.27932711148591,67.91414984143657,842520.7572283972
2026-07-20 20:00:00+00:00,67.91414984143657,67.9145081381421,67.58616114371692,67.88866221456937,1303573.6559538352
2026-07-20 21:00:00+00:00,67.88866221456937,68.01425189088025,67.79597677063158,67.93910112713056,908914.8263266695
2026-07-20 22:00:00+00:00,67.93910112713056,67.95330870987787,67.42137467197493,67.57432193603947,1332884.2759708704
2026-07-20 23:00:00+00:00,67.57432193603947,68.1159862884648,67.16730011770825,67.52628626183767,844441.3488510823
2026-07-21 00:00:00+00:00,67.52628626183767,68.3019220443715,67.43905501975898,67.708587853241,1203386.9281642775
2026-07-21 01:00:00+00:00,67.708587853241,67.79144778311877,67.29154328207812,67.6733067330458,1240467.7499298775
2026-07-21 02:00:00+00:00,67.6733067330458,67.91206391413846,67.47775299738034,67.66560631233642,893916.3536625566
2026-07-21 03:00:00+00:00,67.66560631233642,67.75507795573085,67.24321603585648,67.25887101476557,784710.0284474689
2026-07-21 04:00:00+00:00,67.25887101476557,67.93264294880694,67.16574196288789,67.6318497999741,976283.3110593762
2026-07-21 05:00:00+00:00,67.6318497999741,67.65927384825618,66.97219619154558,67.0658023523632,1308635.6534421677
2026-07-21 06:00:00+00:00,67.0658023523632,67.2660327614193,66.64906041222734,66.79037865912795,1239099.299054435
2026-07-21 07:00:00+00:00,66.79037865912795,67.42914778596382,66.67865925458273,67.3978839252147,1079039.7550712514
2026-07-21 08:00:00+00:00,67.3978839252147,67.63658601750083,67.11761867223771,67.59699153107209,1264835.2168763895
2026-07-21 09:00:00+00:00,67.59699153107209,67.92340289001027,67.49689716986323,67.87955960042177,805880.3512078918
2026-07-21 10:00:00+00:00,67.87955960042177,68.04131127188917,67.70101767694214,67.77917253141854,1059512.6095656534
2026-07-21 11:00:00+00:00,67.77917253141854,68.10952701181097,67.42064992274344,67.71651220403844,776139.0740490904
2026-07-21 12:00:00+00:00,67.71651220403844,68.10083100299745,67.20009340832755,67.39916171987322,785263.811529065
2026-07-21 13:00:00+00:00,67.39916171987322,67.53345223290691,66.49765507259875,66.92168851334335,1051177.8739162255
2026-07-21 14:00:00+00:00,66.92168851334335,67.25826897111065,66.67645895879949,66.93420310442517,869049.0772436681
2026-07-21 15:00:00+00:00,66.93420310442517,67.10263535739738,66.4429932101305,66.6598307260824,1107562.61841609
2026-07-21 16:00:00+00:00,66.6598307260824,66.87991642021579,66.06005850533391,66.52503649766275,905801.3177425495
2026-07-21 17:00:00+00:00,66.52503649766275,66.7855481468546,66.33516028948453,66.78446410975282,1254461.775370082
2026-07-21 18:00:00+00:00,66.78446410975282,67.34422023066288,66.64039493864533,66.97656733669662,1083565.6175208422
2026-07-21 19:00:00+00:00,66.97656733669662,67.04339735471996,66.90029147445945,66.94072931393063,983839.3594405924
2026-07-21 20:00:00+00:00,66.94072931393063,68.59615510266168,66.76076947560247,68.02656800099922,611055.1378538781
2026-07-21 21:00:00+00:00,68.02656800099922,68.30855610667271,67.9270762043111,68.07242438866523,768037.6994902283
2026-07-21 22:00:00+00:00,68.07242438866523,68.45465748831957,67.85794690355506,68.21203206851918,631201.9207735735
2026-07-21 23:00:00+00:00,68.21203206851918,68.58846742305344,67.77740493591756,67.99117346644512,888009.0205805396
2026-07-22 00:00:00+00:00,67.99117346644512,68.27649418934436,67.79597760021035,68.25706176026308,1281325.7389168204
2026-07-22 01:00:00+00:00,68.25706176026308,68.56197807149691,67.74568637608282,68.1026198073406,615212.8302641443
2026-07-22 02:00:00+00:00,68.1026198073406,69.03378664059555,67.81768870567268,68.5525262819107,850794.1419553527
2026-07-22 03:00:00+00:00,68.5525262819107,69.03607064740149,68.21049882588107,68.95425905584673,692003.4851072736
2026-07-22 04:00:00+00:00,68.95425905584673,68.95457566720543,68.5865407604163,68.70281250819502,1213080.2205167671
2026-07-22 05:00:00+00:00,68.70281250819502,69.06626320476013,67.75982179073971,68.07261139627661,1085240.717235867
2026-07-22 06:00:00+00:00,68.07261139627661,68.25077427674361,66.8787377329639,67.51904233176684,815849.8501969222
2026-07-22 07:00:00+00:00,67.51904233176684,67.97596657350451,66.94825139310537,67.84661103965055,1121816.0034721452
2026-07-22 08:00:00+00:00,67.84661103965055,67.93063024522532,67.56435033948384,67.90315613606333,766080.8008619782
2026-07-22 09:00:00+00:00,67.90315613606333,68.05368336537036,67.4708919301128,67.59282237201782,632464.03821421
2026-07-22 10:00:00+00:00,67.59282237201782,68.48890916296494,67.44984551834166,68.26967453318284,1180646.3578913142
2026-07-22 11:00:00+00:00,68.26967453318284,68.47336533057434,67.76297315158831,68.46801223134706,1098325.2841541555
2026-07-22 12:00:00+00:00,68.46801223134706,68.84557124147815,67.98355636962664,68.07716874511325,618116.3249863865
2026-07-22 13:00:00+00:00,68.07716874511325,68.47012502312651,68.07572429093602,68.28893330307044,1196649.040171319
2026-07-22 14:00:00+00:00,68.28893330307044,68.61381911977179,68.12521850034793,68.14175273285385,1151487.8428202055
2026-07-22 15:00:00+00:00,68.14175273285385,68.14746353928297,67.25617918848977,67.43359706299255,1108545.4768018029
2026-07-22 16:00:00+00:00,67.43359706299255,67.93835868714616,66.66480340225759,67.02458387897545,1280616.0488223482
2026-07-22 17:00:00+00:00,67.02458387897545,67.74951553836576,66.71437350310968,67.65100999371232,1060807.5366087784
2026-07-22 18:00:00+00:00,67.65100999371232,68.32849614627533,67.57016833407796,68.07416442155906,997364.8052690958
2026-07-22 19:00:00+00:00,68.07416442155906,69.05171373642196,67.91891599356966,68.50369487600418,620059.422193287
2026-07-22 20:00:00+00:00,68.50369487600418,69.30276253955816,68.30357069936223,68.72658858483668,1173469.6080056285
2026-07-22 21:00:00+00:00,68.72658858483668,68.76491894857021,67.29648588352231,67.81611233504916,1007323.9508400016
2026-07-22 22:00:00+00:00,67.81611233504916,67.97709120385564,67.24882366710408,67.67824774825317,1101302.877961322
2026-07-22 23:00:00+00:00,67.67824774825317,67.81849997667453,67.57240780178645,67.65257213119763,1156793.0731852609
2026-07-23 00:00:00+00:00,67.65257213119763,67.932053714869,67.32413763205999,67.68405267608301,1202729.2972761225
2026-07-23 01:00:00+00:00,67.68405267608301,67.94244854867318,67.09636394515691,67.12134631105917,871473.4830647808
2026-07-23 02:00:00+00:00,67.12134631105917,67.24827939724473,66.61449628734151,66.8130803802874,1316719.6506319237
2026-07-23 03:00:00+00:00,66.8130803802874,67.07733216609175,66.7503892932142,66.9281000189291,1186469.0844865064
2026-07-23 04:00:00+00:00,66.9281000189291,66.96910720097367,66.18809413864359,66.29830158716426,1059977.6571578037
2026-07-23 05:00:00+00:00,66.29830158716426,67.51244520084978,66.28772482067664,66.76035132465945,876753.0704531899
2026-07-23 06:00:00+00:00,66.76035132465945,67.42503736326142,66.04026279033526,66.17752384541531,890160.4002661784
2026-07-23 07:00:00+00:00,66.17752384541531,66.30004195387933,66.00690521401535,66.20713662727371,1218816.7244893352
2026-07-23 08:00:00+00:00,66.20713662727371,67.13789342605712,65.9604451667246,66.71846517620764,837500.1020420498
2026-07-23 09:00:00+00:00,66.71846517620764,67.02003730998213,66.46798405814528,66.82938677264548,1288635.2188115574
2026-07-23 10:00:00+00:00,66.82938677264548,66.84306521936244,66.24262255619121,66.54793202340376,1029331.2746304681
2026-07-23 11:00:00+00:00,66.54793202340376,66.71030163921333,65.88466777614371,66.03212774502421,1320878.5715577581
2026-07-23 12:00:00+00:00,66.03212774502421,66.34607951796848,65.80578037578796,66.21687494169568,747085.8360190962
2026-07-23 13:00:00+00:00,66.21687494169568,66.94567065163181,65.87728604844455,66.4407726723393,793823.0473042043
2026-07-23 14:00:00+00:00,66.4407726723393,66.6984238079706,65.84086168593262,66.33671415434337,617278.9181303409
2026-07-23 15:00:00+00:00,66.33671415434337,66.46784166641537,65.79494718574645,66.18471225830672,835177.8049689162
2026-07-23 16:00:00+00:00,66.18471225830672,66.81941090576782,65.99690033736594,66.75321769642669,735758.4947632692
2026-07-23 17:00:00+00:00,66.75321769642669,66.89856901632713,66.43631816468812,66.437926072758,984707.9476044219
2026-07-23 18:00:00+00:00,66.437926072758,66.50857038086406,66.13011183143617,66.36722411430515,650681.7565103977
2026-07-23 19:00:00+00:00,66.36722411430515,66.59697298985098,66.28410050968728,66.43088973515255,780223.9574129137
2026-07-23 20:00:00+00:00,66.43088973515255,66.87909186014609,65.59220890908841,65.78323512557502,882038.6135764845
2026-07-23 21:00:00+00:00,65.78323512557502,65.94690754646153,65.45737604506269,65.48126270392713,804059.3422144048
2026-07-23 22:00:00+00:00,65.48126270392713,66.12202003759221,65.27006103397702,66.03196423453028,1231130.4314726281
2026-07-23 23:00:00+00:00,66.03196423453028,66.67928637537061,65.66544378928144,66.37846362702793,1134436.1800996515
2026-07-24 00:00:00+00:00,66.37846362702793,67.06060191384253,65.55545701768273,65.81750977944007,1376332.7340380533
2026-07-24 01:00:00+00:00,65.81750977944007,66.48506599197357,65.7446630780806,66.19328003862636,819829.0676695951
2026-07-24 02:00:00+00:00,66.19328003862636,66.70445284437096,65.59679073916789,66.1007749261963,830899.5551263747
2026-07-24 03:00:00+00:00,66.1007749261963,66.40549844096208,66.06124590517629,66.25189575319804,688377.9331049676
2026-07-24 04:00:00+00:00,66.25189575319804,66.71193043468412,66.06826883652087,66.60075371058922,906168.250677905
2026-07-24 05:00:00+00:00,66.60075371058922,67.20770075695322,65.5306338840197,65.78873494732606,869261.5133673676
2026-07-24 06:00:00+00:00,65.78873494732606,66.22021578581186,65.57504160670433,66.18886123041472,1392950.6605372739
2026-07-24 07:00:00+00:00,66.18886123041472,66.40169828806233,65.92134324383272,65.95566691393704,657769.9908414177
2026-07-24 08:00:00+00:00,65.95566691393704,65.97941537566379,65.01656627985292,65.20037662791016,810139.2881851358
2026-07-24 09:00:00+00:00,65.20037662791016,65.51587976016802,64.64593628236733,64.91875528519334,1198705.4135338892
2026-07-24 10:00:00+00:00,64.91875528519334,65.46447336372098,64.51779649609664,64.60363556677777,995180.8614778868
2026-07-24 11:00:00+00:00,64.60363556677777,64.87879855440072,64.09116755055811,64.32558745665393,787750.0576174874
2026-07-24 12:00:00+00:00,64.32558745665393,64.90457949812028,64.15933669725726,64.88635732868936,1284265.9237140932
2026-07-24 13:00:00+00:00,64.88635732868936,65.45237415680758,64.57978106056258,65.17824702954974,1387488.9489812555
2026-07-24 14:00:00+00:00,65.17824702954974,65.20501506605773,64.97575028151974,65.03150680925049,939121.7170287069
2026-07-24 15:00:00+00:00,65.03150680925049,65.27657021232194,64.27064038080607,64.64619787116531,683213.4783204739
2026-07-24 16:00:00+00:00,64.64619787116531,65.71770717529857,64.51255272652571,65.40743380989986,862810.7290309095
2026-07-24 17:00:00+00:00,65.40743380989986,65.6903313177161,65.11827711429639,65.37715605141246,1120376.1530217864
2026-07-24 18:00:00+00:00,65.37715605141246,65.69356654438542,65.27607456607501,65.41527510708318,662875.7868545082
2026-07-24 19:00:00+00:00,65.41527510708318,65.41663079988625,65.23348578988464,65.31194017985922,1335747.439906336
2026-07-24 20:00:00+00:00,65.31194017985922,65.5366309076632,65.20693005254982,65.36197168026193,1208998.8825273907
2026-07-24 21:00:00+00:00,65.36197168026193,65.99366635480519,64.91934199155993,65.65587271745613,1360651.7679608962
2026-07-24 22:00:00+00:00,65.65587271745613,65.70098421427387,65.3825534007837,65.50102044796529,840360.4579088603
2026-07-24 23:00:00+00:00,65.50102044796529,65.54768010389952,64.99468519729488,65.29933638389477,652853.9269439288
2026-07-25 00:00:00+00:00,65.29933638389477,65.97330777211457,65.08220814599153,65.82219064692401,1157800.771348309
2026-07-25 01:00:00+00:00,65.82219064692401,65.87954316457977,65.32140332656232,65.53185031730321,1277389.8169433188
2026-07-25 02:00:00+00:00,65.53185031730321,65.58221538775683,65.33935186160019,65.38514898878687,634625.4355309632
2026-07-25 03:00:00+00:00,65.38514898878687,66.3569220932407,65.3608687066295,65.39919488210059,741513.0512497509
2026-07-25 04:00:00+00:00,65.39919488210059,65.69500688272281,64.58428923520356,64.65512167235157,806682.4886431887
2026-07-25 05:00:00+00:00,64.65512167235157,64.68953439368411,64.36233401859566,64.50404724977027,708961.4360727632
2026-07-25 06:00:00+00:00,64.50404724977027,64.81061234456703,64.27410759950749,64.27810653931157,655903.092949834
2026-07-25 07:00:00+00:00,64.27810653931157,64.66557211552555,64.2342990436991,64.64691042722896,836356.8938248124
2026-07-25 08:00:00+00:00,64.64691042722896,64.88859273830066,64.47266989409816,64.82643595317998,1288275.2832763058
2026-07-25 09:00:00+00:00,64.82643595317998,64.89905133093342,64.44793497908584,64.52306619232483,755702.9715607711
2026-07-25 10:00:00+00:00,64.52306619232483,65.22921734187982,64.4199850359587,65.09022681203687,954443.8954975052
2026-07-25 11:00:00+00:00,65.09022681203687,66.15367220203355,65.04567746436071,66.00924780201943,836604.9368291381
2026-07-25 12:00:00+00:00,66.00924780201943,66.11670509925285,65.34652403931979,65.44910357914928,969534.8890902462
2026-07-25 13:00:00+00:00,65.44910357914928,65.82652443823886,65.26915099433288,65.35485752816265,1156774.019633692
2026-07-25 14:00:00+00:00,65.35485752816265,65.65618649853174,64.05076423139684,64.78386732693768,1076903.9961969387
2026-07-25 15:00:00+00:00,64.78386732693768,65.35234181219094,63.889402148691026,65.12527213452213,1075752.3925823495
2026-07-25 16:00:00+00:00,65.12527213452213,65.37738697847482,64.73406440202682,64.89281823231329,809835.7749362815
2026-07-25 17:00:00+00:00,64.89281823231329,65.29405512664977,64.5170628572409,65.12189626887024,912981.5125999646
2026-07-25 18:00:00+00:00,65.12189626887024,65.48359150298981,64.28686851391514,64.70581545510296,1335537.8348880443
2026-07-25 19:00:00+00:00,64.70581545510296,65.52193212177916,64.66105331694735,65.20930530004506,1053185.2068995256
2026-07-25 20:00:00+00:00,65.20930530004506,65.25837351023043,64.98206916723437,65.11750128217044,808056.4675257844
2026-07-25 21:00:00+00:00,65.11750128217044,65.18037740213768,64.88707866269759,64.96323536812496,739838.5635192228
2026-07-25 22:00:00+00:00,64.96323536812496,65.17472553182401,64.84914372497316,64.91963722851163,927353.5873714325
2026-07-25 23:00:00+00:00,64.91963722851163,65.42083373942393,64.68434135135904,65.03450229412935,1228006.998430586
2026-07-26 00:00:00+00:00,65.03450229412935,65.14380000079949,64.19355169280671,64.62161390737845,1142530.6602679172
2026-07-26 01:00:00+00:00,64.62161390737845,64.83375840518849,63.951515428843415,64.2553328230626,1237962.1501284835
2026-07-26 02:00:00+00:00,64.2553328230626,64.64023429203958,64.14468296707865,64.54066338845944,1054741.789233805
2026-07-26 03:00:00+00:00,64.54066338845944,64.66575822367226,64.39045253439471,64.6589000417337,1335710.014945778
2026-07-26 04:00:00+00:00,64.6589000417337,64.9575128418279,64.61554419000076,64.67638619353109,1022565.3891599507
2026-07-26 05:00:00+00:00,64.67638619353109,65.0096845228256,64.53601695423453,64.81024516579346,728675.5332260778
2026-07-26 06:00:00+00:00,64.81024516579346,65.86389106076552,64.71240943882889,65.77529451614807,815343.3629266248
2026-07-26 07:00:00+00:00,65.77529451614807,65.96118041905424,64.40373156241263,64.76243462251938,1010795.1530624853
2026-07-26 08:00:00+00:00,64.76243462251938,64.81903681839059,64.62066033644673,64.66374218171828,1245280.3111970536
2026-07-26 09:00:00+00:00,64.66374218171828,65.01400235059714,64.38844145209868,64.4465086449528,1303967.4571351425
2026-07-26 10:00:00+00:00,64.4465086449528,64.92942240160916,64.37640789354327,64.74644509723895,1165035.5934198592
2026-07-26 11:00:00+00:00,64.74644509723895,65.6402850751744,64.46605262603723,65.20631288401138,991734.0677652535
2026-07-26 12:00:00+00:00,65.20631288401138,65.25304266341162,65.08145038269346,65.16020018663197,624969.8082014873
2026-07-26 13:00:00+00:00,65.16020018663197,65.78747031101696,64.98513333538995,65.23851796021273,1249423.7853601922
2026-07-26 14:00:00+00:00,65.23851796021273,65.23970174917277,64.0135323237296,64.44546503606843,804993.5074902157
2026-07-26 15:00:00+00:00,64.44546503606843,64.7363718169549,64.0155709146785,64.7115609413899,744961.2312849208
2026-07-26 16:00:00+00:00,64.7115609413899,65.70963210475833,64.59744912391282,65.43827133478146,1086075.1197969886
2026-07-26 17:00:00+00:00,65.43827133478146,65.79123294060996,65.28321602271497,65.60251607303567,794676.4212727413
2026-07-26 18:00:00+00:00,65.60251607303567,65.62836654353515,64.89804181646873,65.27712544991049,1171854.7009858696
2026-07-26 19:00:00+00:00,65.27712544991049,65.29565441815733,64.76818762610488,64.8675529868655,939341.741404335
2026-07-26 20:00:00+00:00,64.8675529868655,65.0116686202923,64.1238966373076,64.13224275986019,1169189.413635067
2026-07-26 21:00:00+00:00,64.13224275986019,64.14719227199373,63.90229517527598,63.906644446923465,647340.3326202113
2026-07-26 22:00:00+00:00,63.906644446923465,64.0324041037223,63.61973076543076,63.911835522170826,943578.5103866849
2026-07-26 23:00:00+00:00,63.911835522170826,64.09895393521509,63.778821195703436,64.08825466064467,808059.8468320473
2026-07-27 00:00:00+00:00,64.08825466064467,64.57564259089618,63.86350516131593,64.47870268942303,769819.5178289635
2026-07-27 01:00:00+00:00,64.47870268942303,64.53135926850543,63.943493536086685,64.52449218303953,1069019.0118087137
2026-07-27 02:00:00+00:00,64.52449218303953,65.34712858419515,64.47333104684819,65.04244934243837,1307414.5755931004
2026-07-27 03:00:00+00:00,65.04244934243837,65.17193193440511,64.29156219094769,64.69752913867448,783009.7602080589
2026-07-27 04:00:00+00:00,64.69752913867448,65.40721223328907,64.42510166284119,64.90954211859375,936627.6370720592
2026-07-27 05:00:00+00:00,64.90954211859375,64.99990330220982,63.927716877507976,64.0344201814684,1104656.8386285335
2026-07-27 06:00:00+00:00,64.0344201814684,64.4630269266907,62.7290448596611,63.21174213254335,1211680.1175152606
2026-07-27 07:00:00+00:00,63.21174213254335,64.25406534447396,63.101498851451005,63.65595267079676,742845.4361764668
2026-07-27 08:00:00+00:00,63.65595267079676,63.78989203945443,63.43352481982944,63.584208196325555,967458.6589543843
2026-07-27 09:00:00+00:00,63.584208196325555,64.31197642721526,63.06749947238366,63.85515968824542,932119.6437749454
2026-07-27 10:00:00+00:00,63.85515968824542,63.94167629405282,63.32369697864575,63.72122357991235,1041110.8715423538
2026-07-27 11:00:00+00:00,63.72122357991235,63.853692817651186,63.185538777948594,63.203713453863074,817699.9079248174
2026-07-27 12:00:00+00:00,63.203713453863074,63.75483825899048,63.051633942396236,63.62941235007813,921767.1075092495
2026-07-27 13:00:00+00:00,63.62941235007813,63.869337835629764,62.94651814771559,63.21553787323257,1138005.9836781253
2026-07-27 14:00:00+00:00,63.21553787323257,63.727834714244196,63.18620838968014,63.388150381770664,1101332.1609859644
2026-07-27 15:00:00+00:00,63.388150381770664,63.41840592687657,62.89140348975055,63.09642764950534,653456.4654092026
2026-07-27 16:00:00+00:00,63.09642764950534,63.59738011338379,62.8031484292201,63.44680888785715,1358240.0755456507
2026-07-27 17:00:00+00:00,63.44680888785715,63.478228013655524,63.14254888512741,63.333215748279706,929002.4859278674
2026-07-27 18:00:00+00:00,63.333215748279706,63.39879599446157,62.77874918701461,63.16539289721047,1374557.6403472247
2026-07-27 19:00:00+00:00,63.16539289721047,64.14430562509658,63.15445599894946,63.7337486881654,1014759.0560478126
2026-07-27 20:00:00+00:00,63.7337486881654,63.95390691157768,63.11803422561556,63.87928368781666,635180.6569348081
2026-07-27 21:00:00+00:00,63.87928368781666,64.30660965865121,63.77399440461886,63.9725524172659,983874.8841073242
2026-07-27 22:00:00+00:00,63.9725524172659,64.22869490900398,63.64670505450986,63.85575580990311,797021.1619890797
2026-07-27 23:00:00+00:00,63.85575580990311,64.59587882514228,63.84400587854563,64.16188776417583,993820.8977307657
2026-07-28 00:00:00+00:00,64.16188776417583,64.61415626453861,63.890672858512865,64.52284323130414,857202.464250982
2026-07-28 01:00:00+00:00,64.52284323130414,64.76773660376585,64.47563536640877,64.67426176026768,979318.9279271439
2026-07-28 02:00:00+00:00,64.67426176026768,64.77890618971934,63.952296538970124,64.35658193221984,621931.9293514213
2026-07-28 03:00:00+00:00,64.35658193221984,64.74656451986885,63.870548231860575,63.927520997832374,866001.1345573198
2026-07-28 04:00:00+00:00,63.927520997832374,64.47602965493869,63.845300445540104,64.16151717146315,862710.67575813
2026-07-28 05:00:00+00:00,64.16151717146315,64.38140535401726,63.862916013834784,64.21573880890044,850988.5482356733
2026-07-28 06:00:00+00:00,64.21573880890044,64.69765475464874,64.05936394072161,64.60202500856528,1079637.8658034801
2026-07-28 07:00:00+00:00,64.60202500856528,64.97666906457746,64.27924410031608,64.75969076838193,613257.6209430882
2026-07-28 08:00:00+00:00,64.75969076838193,65.09251645085915,64.70382951259622,64.80486483829522,1307924.5024435704
2026-07-28 09:00:00+00:00,64.80486483829522,64.92112177818271,64.43708504424201,64.8184419121027,752434.2946263509
2026-07-28 10:00:00+00:00,64.8184419121027,64.89208029225837,64.51858038590764,64.7975800473742,1373794.3539752143
2026-07-28 11:00:00+00:00,64.7975800473742,64.85954409198527,64.21348396866512,64.3306049183454,699085.1249512376
2026-07-28 12:00:00+00:00,64.3306049183454,65.37656900890667,64.12319539663179,65.14882219995762,697554.1149746581
2026-07-28 13:00:00+00:00,65.14882219995762,65.8287415972142,64.73379359968332,64.81827135110277,660826.9761067894
2026-07-28 14:00:00+00:00,64.81827135110277,65.56816067201387,64.74461017799278,65.09632253543349,1168349.5340293956
2026-07-28 15:00:00+00:00,65.09632253543349,65.93707524258518,64.72486807441643,65.57192851874993,1193089.7191426095
2026-07-28 16:00:00+00:00,65.57192851874993,66.21200406754502,65.52834243960567,66.15218489493412,754041.7038335531
2026-07-28 17:00:00+00:00,66.15218489493412,66.32653051688004,65.74573033325373,65.87904460262602,1267342.3214028839
2026-07-28 18:00:00+00:00,65.87904460262602,66.16109463083873,65.68263024460242,66.02771724225772,1244014.7340441237
2026-07-28 19:00:00+00:00,66.02771724225772,66.60538093395375,65.42863915046642,65.56462621856595,1153968.3944337089
2026-07-28 20:00:00+00:00,65.56462621856595,65.8156871154891,65.35031178650718,65.51394651894627,1040327.3891718447
2026-07-28 21:00:00+00:00,65.51394651894627,65.82413527439583,64.66407390101577,64.87809425617183,979378.6288710538
2026-07-28 22:00:00+00:00,64.87809425617183,65.3022324342059,64.06111331093365,65.09143436737801,1172436.8251964208
2026-07-28 23:00:00+00:00,65.09143436737801,65.62926520686837,64.9240285001594,65.39496095282522,929192.6042697823
2026-07-29 00:00:00+00:00,65.39496095282522,65.68054128509607,64.8061518592253,64.9776121875971,821803.3453273643
2026-07-29 01:00:00+00:00,64.9776121875971,65.34645035192862,64.54282326123773,64.89623870877485,1262388.3123057603
2026-07-29 02:00:00+00:00,64.89623870877485,65.34002934576506,64.62511800142103,65.07298534596399,602990.1186341936
2026-07-29 03:00:00+00:00,65.07298534596399,65.44794123563105,64.34694892127376,64.93998699650572,843069.2895780539
2026-07-29 04:00:00+00:00,64.93998699650572,65.71008402615284,64.84126559785959,65.40576423437473,614385.1066292378
2026-07-29 05:00:00+00:00,65.40576423437473,65.60165647586656,64.65236498900815,64.67188270454518,766670.8745372483
2026-07-29 06:00:00+00:00,64.67188270454518,64.94056437224734,64.40794147719679,64.48137302363403,867215.6662051743
2026-07-29 07:00:00+00:00,64.48137302363403,64.60089460305376,64.03342308033903,64.28874697922582,1272056.0699924496
2026-07-29 08:00:00+00:00,64.28874697922582,65.53994423135002,64.00742693411597,65.02241264724312,1144502.904814778
2026-07-29 09:00:00+00:00,65.02241264724312,65.60889409239604,64.9808749403659,65.25881518624378,857851.853563317
2026-07-29 10:00:00+00:00,65.25881518624378,65.83447606099479,65.05061371939946,65.52411530511523,1350364.6269958154
2026-07-29 11:00:00+00:00,65.52411530511523,65.73169149075775,65.05291508968365,65.575704809162,1132690.3843527632
2026-07-29 12:00:00+00:00,65.575704809162,66.3252536089832,65.30706635312796,66.21253511579539,645600.4382806893
2026-07-29 13:00:00+00:00,66.21253511579539,66.35686214852102,65.4501073710636,65.53952249206743,1252143.618345014
2026-07-29 14:00:00+00:00,65.53952249206743,65.94956724817682,65.00846784213732,65.09456840182753,927571.4072722773
2026-07-29 15:00:00+00:00,65.09456840182753,65.21483496326837,64.85481262954872,64.86630196407155,1373791.9197205924
2026-07-29 16:00:00+00:00,64.86630196407155,65.17001702271429,64.50554611929759,64.62975458110296,1069820.118806398
2026-07-29 17:00:00+00:00,64.62975458110296,64.77239625676218,64.48703492914504,64.54458845040283,917180.4718886957
2026-07-29 18:00:00+00:00,64.54458845040283,65.18699228617756,64.41010958732905,64.62994550793549,790691.3482010629
2026-07-29 19:00:00+00:00,64.62994550793549,64.70092314174791,63.94028934096902,64.25994583414221,1170348.123584207
2026-07-29 20:00:00+00:00,64.25994583414221,64.28970346420085,63.6642836516079,63.83177779685186,1305992.8590529137
2026-07-29 21:00:00+00:00,63.83177779685186,64.28380634475123,63.82137815307377,64.02261632758517,917423.7213316486
2026-07-29 22:00:00+00:00,64.02261632758517,65.04772880781688,63.669781058162364,64.74571858391343,1025408.6703401924
2026-07-29 23:00:00+00:00,64.74571858391343,65.85435498275137,64.71558606678252,65.32771588042563,1377731.3378017023
2026-07-30 00:00:00+00:00,65.32771588042563,65.48491358157305,65.21489934716573,65.22823918287904,1014871.4690699326
2026-07-30 01:00:00+00:00,65.22823918287904,65.41681732841211,64.88712633759597,65.15900722887821,1167751.3467414079
2026-07-30 02:00:00+00:00,65.15900722887821,65.75556166301615,64.87955334130814,65.46907487427674,1141499.6015906378
2026-07-30 03:00:00+00:00,65.46907487427674,66.35843266815296,65.14217792102359,65.8938610646912,1287775.6224194148
2026-07-30 04:00:00+00:00,65.8938610646912,66.39971720580047,65.70543415863028,65.9801452599157,835466.661284251
2026-07-30 05:00:00+00:00,65.9801452599157,66.61832640556113,65.75099347279506,66.42632839835706,920176.3567508843
2026-07-30 06:00:00+00:00,66.42632839835706,67.0315237547436,66.41091516447017,66.82045307837964,1289419.7266260886
2026-07-30 07:00:00+00:00,66.82045307837964,67.43518887442086,66.59908173455659,67.23366774250323,1047734.3582385381
2026-07-30 08:00:00+00:00,67.23366774250323,68.56904706533064,66.84362736595759,67.86392234050362,759491.662622166
2026-07-30 09:00:00+00:00,67.86392234050362,68.03109811167454,67.4121413764782,67.45166837448973,815280.8528732272
2026-07-30 10:00:00+00:00,67.45166837448973,67.71118779254945,67.15562773574453,67.16823396171714,819077.5135211534
2026-07-30 11:00:00+00:00,67.16823396171714,67.38768250687289,66.68619366045102,66.90967583839566,877707.3623803515
2026-07-30 12:00:00+00:00,66.90967583839566,67.34990808242314,66.31510943446116,66.50944856969913,645949.7803873849
2026-07-30 13:00:00+00:00,66.50944856969913,66.6229403768562,66.00547060462681,66.21485409884053,1332666.1996056435
2026-07-30 14:00:00+00:00,66.21485409884053,66.23242912351694,65.62578090082818,65.68230159936954,964839.1739631575
2026-07-30 15:00:00+00:00,65.68230159936954,66.40947561944499,65.61474700742568,66.12930314436332,1037107.400342715
2026-07-30 16:00:00+00:00,66.12930314436332,66.47054573952016,65.93134857651249,66.12746381577111,1396395.5340626994
2026-07-30 17:00:00+00:00,66.12746381577111,66.88545710763876,66.01961729102413,66.68206950998022,1214063.4764741592
2026-07-30 18:00:00+00:00,66.68206950998022,66.94204923445017,66.44226478766673,66.53349481984291,948238.4894166442
2026-07-30 19:00:00+00:00,66.53349481984291,66.68159986605033,66.35414299638556,66.44001420183193,933551.9320584071
2026-07-30 20:00:00+00:00,66.44001420183193,66.50832222229693,66.10555789759341,66.10832892188199,1260059.5924484162
2026-07-30 21:00:00+00:00,66.10832892188199,66.71776179555721,65.96659658325915,66.69429424535741,1261961.2159737907
2026-07-30 22:00:00+00:00,66.69429424535741,67.29729908781721,65.94264957163298,66.26612554929855,1065475.3050173281
2026-07-30 23:00:00+00:00,66.26612554929855,66.48630850570636,65.25478845225352,65.5113233176413,790951.0946890946
2026-07-31 00:00:00+00:00,65.5113233176413,65.67172293949615,64.970958444637,65.4346629332348,1042149.0083593597
2026-07-31 01:00:00+00:00,65.4346629332348,65.73244243612739,65.24785447917331,65.57545767319525,1344901.8332244514
2026-07-31 02:00:00+00:00,65.57545767319525,65.66096038694249,65.55918050625188,65.63576168495696,1260024.8232102976
2026-07-31 03:00:00+00:00,65.63576168495696,65.84478606726485,65.44127676788352,65.7110272312307,837655.7697784766
2026-07-31 04:00:00+00:00,65.7110272312307,66.1689507103495,65.30293084268814,66.0057299852711,1386448.7646014018
2026-07-31 05:00:00+00:00,66.0057299852711,66.18730366654395,64.50494152651883,64.93358662606782,1026320.5995535098
2026-07-31 06:00:00+00:00,64.93358662606782,66.32476714777368,64.52909158413316,65.94582674509178,694720.1466681722
2026-07-31 07:00:00+00:00,65.94582674509178,67.09058588636876,65.88737617009528,66.30840443125278,898887.337545502
2026-07-31 08:00:00+00:00,66.30840443125278,66.66562807026516,66.01137860924759,66.45050793153786,653373.3977003188
2026-07-31 09:00:00+00:00,66.45050793153786,66.74669190799943,66.24464934150288,66.34131355957248,637166.3434917157
2026-07-31 10:00:00+00:00,66.34131355957248,66.71598736029563,66.2508839563767,66.40669882535826,981536.4773948039
2026-07-31 11:00:00+00:00,66.40669882535826,66.61264862224805,65.62975017142496,65.80282686352575,1309635.8037695966
2026-07-31 12:00:00+00:00,65.80282686352575,66.08711427490077,65.61735277257723,65.8331270109859,856654.70242404
2026-07-31 13:00:00+00:00,65.8331270109859,66.44758028152171,65.69057599780805,66.22090118644284,803296.7072344258
2026-07-31 14:00:00+00:00,66.22090118644284,66.37399830055371,65.7724855443542,66.02013903645742,689090.6881793549
2026-07-31 15:00:00+00:00,66.02013903645742,66.92639471682618,65.96442582389416,66.85959377780154,991671.2197765007
2026-07-31 16:00:00+00:00,66.85959377780154,67.40782771341775,66.6071469352233,67.01552512894592,1102833.9784811419
2026-07-31 17:00:00+00:00,67.01552512894592,67.38204158801481,66.59689922204802,66.67906920856008,1251284.314563884
2026-07-31 18:00:00+00:00,66.67906920856008,66.78244686841873,66.5118313735272,66.58634829186629,789375.0373582006
2026-07-31 19:00:00+00:00,66.58634829186629,66.81653915973331,66.08095892102487,66.4021019186655,1362317.0742730615
2026-07-31 20:00:00+00:00,66.4021019186655,66.59519673484849,66.15737355981013,66.17552756717289,1077320.4040473427
2026-07-31 21:00:00+00:00,66.17552756717289,66.20479566935315,65.78473908017487,66.18164875729457,1378682.121279328
2026-07-31 22:00:00+00:00,66.18164875729457,66.30824764457455,65.64077428618243,66.30363357929264,843427.6966622521
2026-07-31 23:00:00+00:00,66.30363357929264,66.55143819442638,66.25251133578767,66.51357564664069,941925.6604458413
2026-08-01 00:00:00+00:00,66.51357564664069,67.2472413084904,66.23302415025559,66.89905571043248,976425.8513622122
2026-08-01 01:00:00+00:00,66.89905571043248,67.23043370255058,66.56609383236942,67.10530143213747,733194.8821390681
2026-08-01 02:00:00+00:00,67.10530143213747,67.17305735131437,66.25530374695384,66.63304796021048,995470.090003371
2026-08-01 03:00:00+00:00,66.63304796021048,67.26458598430193,66.0226390870765,66.7722305377686,1224444.7860317416
2026-08-01 04:00:00+00:00,66.7722305377686,66.78507009468994,66.06424102052374,66.13014875788552,633377.1725808809
2026-08-01 05:00:00+00:00,66.13014875788552,66.80021008246769,66.05048806799007,66.2431036098374,1138303.440458993
2026-08-01 06:00:00+00:00,66.2431036098374,66.388096853669,65.88164580769893,65.91404179405627,1276892.8270774796
2026-08-01 07:00:00+00:00,65.91404179405627,66.04142714326,65.27806462604802,65.80870201039755,1075781.3942675684
2026-08-01 08:00:00+00:00,65.80870201039755,65.8811551720868,65.23624912600624,65.39230869748472,1394566.207844082
2026-08-01 09:00:00+00:00,65.39230869748472,65.83617600490894,65.18688995788133,65.57437818852546,875244.2468526771
2026-08-01 10:00:00+00:00,65.57437818852546,65.60289006107342,64.94183628037656,65.1278652816797,1377749.2771105526
2026-08-01 11:00:00+00:00,65.1278652816797,65.61558055047769,65.10663631384703,65.37163829229083,802472.480099548
2026-08-01 12:00:00+00:00,65.37163829229083,66.13690809581294,65.16879782648222,65.72306990634057,686042.2787683043
2026-08-01 13:00:00+00:00,65.72306990634057,65.74886036245543,65.04769838902209,65.17490699164668,950160.8524654161
2026-08-01 14:00:00+00:00,65.17490699164668,65.83437316381627,64.76777163153427,64.99757018596797,1381445.4043521984
2026-08-01 15:00:00+00:00,64.99757018596797,65.897655137134,64.8087208388898,65.89265393860568,1205775.0215584147
2026-08-01 16:00:00+00:00,65.89265393860568,66.6390683608761,65.84357273448094,66.61570241467986,777723.0165362727
2026-08-01 17:00:00+00:00,66.61570241467986,67.01564684217577,66.5033529856111,66.83928387472568,616128.4892383631
2026-08-01 18:00:00+00:00,66.83928387472568,67.03659051236876,66.8014421883644,66.85893548864478,643088.4963322822
2026-08-01 19:00:00+00:00,66.85893548864478,67.27882521622723,66.76587217002238,66.80196770215007,1153288.7678851043
2026-08-01 20:00:00+00:00,66.80196770215007,67.00191476135478,66.11267490551603,66.24736410010851,968980.6919286979
2026-08-01 21:00:00+00:00,66.24736410010851,66.29268288476875,66.0882022861076,66.24060012103634,1074646.4761029275
2026-08-01 22:00:00+00:00,66.24060012103634,66.84990103458708,66.2231239677207,66.2568739608464,889480.3929944475
2026-08-01 23:00:00+00:00,66.2568739608464,66.7939248065208,65.68470188286295,66.42979703648354,646055.2847997275
2026-08-02 00:00:00+00:00,66.42979703648354,66.57215962833382,66.26153648767023,66.28172353051919,1388922.095217004
2026-08-02 01:00:00+00:00,66.28172353051919,66.78466391379972,66.16617702899339,66.47101240584882,627792.5955163732
2026-08-02 02:00:00+00:00,66.47101240584882,66.88845096716993,66.25379358121171,66.52868689471639,736165.698865872
2026-08-02 03:00:00+00:00,66.52868689471639,66.61670403454774,65.96393589634349,66.12870782561984,636703.523401817
2026-08-02 04:00:00+00:00,66.12870782561984,66.19791624246774,65.86752555652453,65.9793282249844,667264.0713083093
2026-08-02 05:00:00+00:00,65.9793282249844,66.92414727541448,65.95916140911517,66.37328879453166,1301163.5125155004
2026-08-02 06:00:00+00:00,66.37328879453166,67.7794400075981,66.24079877783076,67.64503677891992,1096774.198432437
2026-08-02 07:00:00+00:00,67.64503677891992,67.69325911122726,65.98729652894271,66.49865876763491,805941.6671521342
2026-08-02 08:00:00+00:00,66.49865876763491,66.56548843161265,65.75714895421436,65.94814980016443,892784.1392340221
2026-08-02 09:00:00+00:00,65.94814980016443,66.03882377209949,64.76588427729156,64.94316076887993,1309385.104691275
2026-08-02 10:00:00+00:00,64.94316076887993,65.22484365088782,64.76271522531535,64.97870752005379,856905.9578711926
2026-08-02 11:00:00+00:00,64.97870752005379,65.4985532610326,64.97303834383634,65.21137087649514,780541.8216762113
2026-08-02 12:00:00+00:00,65.21137087649514,65.56344738973688,64.49635522294817,64.68016264661541,779634.2396404139
2026-08-02 13:00:00+00:00,64.68016264661541,64.72792776638306,64.6737478724578,64.71975829537827,936960.2749857764
2026-08-02 14:00:00+00:00,64.71975829537827,65.28005454964887,64.52993882189118,64.58898864294105,753756.1283301137
2026-08-02 15:00:00+00:00,64.58898864294105,64.77647592370134,64.16894905968677,64.35421880137282,1349018.1813259467
2026-08-02 16:00:00+00:00,64.35421880137282,64.66042172716016,64.27569314773393,64.64704995191438,1118567.6739199765
2026-08-02 17:00:00+00:00,64.64704995191438,64.74340904598904,63.58124007271302,64.21733986030772,1244976.9106189103
2026-08-02 18:00:00+00:00,64.21733986030772,64.4441478547277,63.863312707382754,63.92598439430096,1121759.1218923796
2026-08-02 19:00:00+00:00,63.92598439430096,63.95174658279647,63.30665643296829,63.39372577011694,782182.9955437991
2026-08-02 20:00:00+00:00,63.39372577011694,63.645466196224646,63.27593923514311,63.35774146533645,1258191.2162809323
2026-08-02 21:00:00+00:00,63.35774146533645,63.507633691144505,63.12467978176818,63.367964327657205,1124620.0122248698
2026-08-02 22:00:00+00:00,63.367964327657205,63.473240906626714,63.0101762341094,63.39100675011689,731965.1354779708
2026-08-02 23:00:00+00:00,63.39100675011689,63.50435063474267,62.60949837916411,63.010297726861886,1052888.4238726483
2026-08-03 00:00:00+00:00,63.010297726861886,63.36507339963014,62.75965532303645,63.03150639913188,1178363.486762788
2026-08-03 01:00:00+00:00,63.03150639913188,63.06422548422381,62.55370503398847,62.801360614540165,609111.1495753962
2026-08-03 02:00:00+00:00,62.801360614540165,63.10121351389303,62.3058442597858,62.98007639897458,789810.5659633507
2026-08-03 03:00:00+00:00,62.98007639897458,63.04010367847394,62.69209962187193,62.87021749985835,1116854.6392954234
2026-08-03 04:00:00+00:00,62.87021749985835,63.44669323495594,62.71749067041042,63.02784250008598,600938.2057084515
2026-08-03 05:00:00+00:00,63.02784250008598,63.588873358303225,63.005277675628115,63.23117895090953,1007847.9443109543
2026-08-03 06:00:00+00:00,63.23117895090953,63.23887870950571,62.489431048178616,62.90858917946752,1356141.647870564
2026-08-03 07:00:00+00:00,62.90858917946752,63.24443051801271,62.85608005083277,63.186133185058736,656917.4534369295
2026-08-03 08:00:00+00:00,63.186133185058736,63.61409659075813,63.06171193529532,63.43379990341546,952381.6150887045
2026-08-03 09:00:00+00:00,63.43379990341546,64.49725311110456,63.258095906637095,64.4313930381082,803836.1922427297
2026-08-03 10:00:00+00:00,64.4313930381082,64.44710538542176,63.794844441490625,63.87139497279194,1288226.699753792
2026-08-03 11:00:00+00:00,63.87139497279194,64.80791125446105,63.6019704800947,64.57838780265871,972745.3405126316
2026-08-03 12:00:00+00:00,64.57838780265871,64.9445584917154,64.57282428405806,64.8201093974105,1324808.4362070386
2026-08-03 13:00:00+00:00,64.8201093974105,65.52982939605343,64.4961581424931,65.43899227960328,841067.0811922323
2026-08-03 14:00:00+00:00,65.43899227960328,65.87872958743063,64.97870647863473,65.79200123432933,1326273.6292249195
2026-08-03 15:00:00+00:00,65.79200123432933,66.21976202023384,65.7022072574295,65.99423370788416,1123198.6892549722
2026-08-03 16:00:00+00:00,65.99423370788416,66.06282463050394,65.04249081574046,65.57969719924756,604551.8246905046
2026-08-03 17:00:00+00:00,65.57969719924756,65.63241900190114,65.32998343478299,65.5880060104867,1032033.5363979174
2026-08-03 18:00:00+00:00,65.5880060104867,66.41237822053161,65.30514502826311,66.08834751533266,845384.8063443335
2026-08-03 19:00:00+00:00,66.08834751533266,66.39710635802633,66.02753761058582,66.08359367010002,991787.169178426
2026-08-03 20:00:00+00:00,66.08359367010002,66.3203769632527,65.56487074577781,65.6112004344539,1381435.4700590516
2026-08-03 21:00:00+00:00,65.6112004344539,65.78088265113945,64.87513294273371,64.91347517419608,915052.276361656
2026-08-03 22:00:00+00:00,64.91347517419608,65.4716720144999,64.74833106604012,65.0931787669869,774836.5080545127
2026-08-03 23:00:00+00:00,65.0931787669869,65.66501401123914,64.7795267441567,65.54546908036073,988195.9441865194
2026-08-04 00:00:00+00:00,65.54546908036073,65.67219696920692,65.29993378764343,65.41801514611761,889220.3991304861
2026-08-04 01:00:00+00:00,65.41801514611761,65.97632643507148,65.03844529459184,65.73042892009022,1192753.9058320816
2026-08-04 02:00:00+00:00,65.73042892009022,65.85271643041517,65.6226698946405,65.8324102231545,708044.3749722778
2026-08-04 03:00:00+00:00,65.8324102231545,66.59250611283211,65.50427191533,66.40036670743608,1115947.3199743447
2026-08-04 04:00:00+00:00,66.40036670743608,67.4327043347329,66.24108258875205,66.9666092873687,1256372.6800910363
2026-08-04 05:00:00+00:00,66.9666092873687,67.63068910306792,66.60045876251965,67.2128735617172,1100866.866882376
2026-08-04 06:00:00+00:00,67.2128735617172,67.84359863974153,67.19267825403999,67.48644917004547,1332952.6301298817
2026-08-04 07:00:00+00:00,67.48644917004547,68.2866180937831,67.18670592328455,67.90377692229916,628499.0327870917
2026-08-04 08:00:00+00:00,67.90377692229916,68.22984035706891,67.29424949935071,67.65659398381443,786109.7108458068
2026-08-04 09:00:00+00:00,67.65659398381443,67.79952108150587,67.4709509443527,67.76743435252887,1143168.0290188359
2026-08-04 10:00:00+00:00,67.76743435252887,68.4924966456232,67.65909235448933,68.35866772634105,1151214.954818344
2026-08-04 11:00:00+00:00,68.35866772634105,68.66399367867199,67.43370139734405,67.53372013444745,1325468.152615793
2026-08-04 12:00:00+00:00,67.53372013444745,67.67787610329634,67.11056012412965,67.57283847824566,1184063.052882546
2026-08-04 13:00:00+00:00,67.57283847824566,67.63455742385366,66.99600233571563,67.18388527667277,895415.0729029209
2026-08-04 14:00:00+00:00,67.18388527667277,67.6493954695703,66.53407273538669,67.01105579743606,1266986.3158944934
2026-08-04 15:00:00+00:00,67.01105579743606,67.03355331401102,66.95357183766296,67.00372035812866,901823.7911624665
2026-08-04 16:00:00+00:00,67.00372035812866,67.12838416435288,66.83283095842556,66.86688383705484,971331.7454130211
2026-08-04 17:00:00+00:00,66.86688383705484,66.91258435030323,66.5995725740234,66.86683823413516,1013735.4353699489
2026-08-04 18:00:00+00:00,66.86683823413516,66.88060027288662,66.59509397479421,66.86335629183401,1018942.3472988106
2026-08-04 19:00:00+00:00,66.86335629183401,66.91488081439036,66.3405139466777,66.53038992173695,1282031.9077092803
2026-08-04 20:00:00+00:00,66.53038992173695,66.67011218222187,65.64109746476497,66.10670262054099,716219.9858343732
2026-08-04 21:00:00+00:00,66.10670262054099,66.80498581023048,65.8246186591182,66.7768948144043,601794.1064268367
2026-08-04 22:00:00+00:00,66.7768948144043,67.39129892531533,66.48991555477657,66.80486594099769,761181.8258278845
2026-08-04 23:00:00+00:00,66.80486594099769,67.0906960328596,66.73848875312409,66.76573664457108,652824.7365520932
2026-08-05 00:00:00+00:00,66.76573664457108,67.15957845513152,66.75300798967002,66.92059239030107,1198318.3542747917
2026-08-05 01:00:00+00:00,66.92059239030107,67.5083323777107,66.8113434608687,67.18507881866448,1303740.5055932556
2026-08-05 02:00:00+00:00,67.18507881866448,67.30319087735322,67.06531974772109,67.22843332803717,798530.835791615
2026-08-05 03:00:00+00:00,67.22843332803717,67.7952308105709,67.14491243843486,67.68483349641915,1158754.363082751
2026-08-05 04:00:00+00:00,67.68483349641915,67.7444832189502,67.1308792140932,67.23873424547801,1006905.2326701581
2026-08-05 05:00:00+00:00,67.23873424547801,67.6910191057612,66.65992191796646,67.27811276757234,1327257.7322635427
2026-08-05 06:00:00+00:00,67.27811276757234,67.34112794598587,66.78180787843405,67.12086518381837,636525.5078042431
2026-08-05 07:00:00+00:00,67.12086518381837,67.35625593601972,67.0870020770552,67.29604938997706,1103569.1918553098
2026-08-05 08:00:00+00:00,67.29604938997706,67.48824553597663,66.7490059374342,66.8921234762667,888830.5213282624
2026-08-05 09:00:00+00:00,66.8921234762667,66.94870317616214,66.61838191334024,66.94415289434221,1150535.171544929
2026-08-05 10:00:00+00:00,66.94415289434221,67.00416070202803,66.52195696151047,66.57367616055022,985450.6756730021
2026-08-05 11:00:00+00:00,66.57367616055022,67.14037958181646,66.48764120354781,66.60233594060949,645154.4468989768
2026-08-05 12:00:00+00:00,66.60233594060949,67.12789316048428,65.74009441574073,66.00511333738046,882209.4375752056
2026-08-05 13:00:00+00:00,66.00511333738046,66.05793988163863,65.00530180632256,65.34220583350319,799611.4909979822
2026-08-05 14:00:00+00:00,65.34220583350319,65.85758967875576,65.25404926712075,65.38686638333893,1077903.1210453412
2026-08-05 15:00:00+00:00,65.38686638333893,65.89398730060134,65.29220587788096,65.64687147111181,719498.0822079337
2026-08-05 16:00:00+00:00,65.64687147111181,65.73979334088774,65.14824099564612,65.6495728900589,1028135.791506283
2026-08-05 17:00:00+00:00,65.6495728900589,65.95500611892186,65.45118503281535,65.79225853004935,817502.4399225401
2026-08-05 18:00:00+00:00,65.79225853004935,66.61262673272778,65.7666124028338,66.37020508602862,874741.6575804339
2026-08-05 19:00:00+00:00,66.37020508602862,66.99839427906379,66.10474989526755,66.2004392211377,1292998.0118922794
2026-08-05 20:00:00+00:00,66.2004392211377,66.65494474159966,66.08588334235921,66.48352969133518,1375637.7811937772
2026-08-05 21:00:00+00:00,66.48352969133518,67.55761953755791,66.22491685057811,67.13354438675394,1278751.751237178
2026-08-05 22:00:00+00:00,67.13354438675394,68.34722249748907,66.74366915562462,67.74731010089245,1126174.3754712858
2026-08-05 23:00:00+00:00,67.74731010089245,67.75909321906217,67.56493578749448,67.66661070191573,1353688.2207344626
2026-08-06 00:00:00+00:00,67.66661070191573,68.05486852671251,66.9060591309322,67.48313430270437,863392.8466437636
2026-08-06 01:00:00+00:00,67.48313430270437,67.58227875663567,66.73887270066325,67.10404577889793,1288936.9875877071
2026-08-06 02:00:00+00:00,67.10404577889793,67.13197347607684,66.97532334024258,67.10584379314702,811071.9005284944
2026-08-06 03:00:00+00:00,67.10584379314702,67.19547214218738,66.76324341991898,66.98099592291008,621041.6194988937
2026-08-06 04:00:00+00:00,66.98099592291008,67.33083522820961,66.76472000891863,66.86459194134781,610638.6851611446
2026-08-06 05:00:00+00:00,66.86459194134781,66.97321167547535,66.52982252353077,66.82058155454145,921348.9342162431
2026-08-06 06:00:00+00:00,66.82058155454145,67.38413919298618,66.80962260252392,67.02365459906044,865646.441498074
2026-08-06 07:00:00+00:00,67.02365459906044,67.16216006235125,66.83167251728597,66.85696289267155,858513.2148371936
2026-08-06 08:00:00+00:00,66.85696289267155,66.95009692867507,66.06017803358691,66.26449593023716,883280.4250035884
2026-08-06 09:00:00+00:00,66.26449593023716,66.86021313866735,66.12291326918285,66.58393141363696,774959.2977691608
2026-08-06 10:00:00+00:00,66.58393141363696,66.95333611844673,66.42644042761823,66.73910720542916,735433.3132773559
2026-08-06 11:00:00+00:00,66.73910720542916,67.2203073963418,65.7936820112018,65.90898506979414,662449.1824361641
2026-08-06 12:00:00+00:00,65.90898506979414,66.0273046139482,65.7416401217974,65.93327262941658,1071033.029042862
2026-08-06 13:00:00+00:00,65.93327262941658,66.23119302800474,65.85009834248322,66.07022964493206,1364951.2750721155
2026-08-06 14:00:00+00:00,66.07022964493206,66.08485337763612,65.59749830777652,65.6783380835938,700538.4765354407
2026-08-06 15:00:00+00:00,65.6783380835938,66.12812123382031,65.58620490944871,66.03099394350349,1395613.5137318992
2026-08-06 16:00:00+00:00,66.03099394350349,66.14620025243745,64.57722306433135,65.1403428670046,912648.2504161842
2026-08-06 17:00:00+00:00,65.1403428670046,65.44470928258367,65.04325448746671,65.25309832616885,1233838.9274510315
2026-08-06 18:00:00+00:00,65.25309832616885,65.64917001408496,64.7934110151817,64.87470194657602,1033746.2208765027
2026-08-06 19:00:00+00:00,64.87470194657602,65.75700254227273,64.83664537547763,65.63415329874478,912632.0535096695
2026-08-06 20:00:00+00:00,65.63415329874478,65.74086752104982,64.90506960715764,65.17165861449355,1301918.852821859
2026-08-06 21:00:00+00:00,65.17165861449355,65.58466517937534,64.75905807425416,65.30523988761473,1374054.1501371723
2026-08-06 22:00:00+00:00,65.30523988761473,65.58504807841567,64.76459680157872,64.92309468249046,1392392.4830640072
2026-08-06 23:00:00+00:00,64.92309468249046,65.50124750883434,64.90312233063315,65.19699504966363,1247989.6816417542
2026-08-07 00:00:00+00:00,65.19699504966363,65.27359826221993,65.02889944961638,65.23649803475493,1383810.5862144758
2026-08-07 01:00:00+00:00,65.23649803475493,65.87779268179857,65.16894435012537,65.32574774010622,1242549.9964706793
2026-08-07 02:00:00+00:00,65.32574774010622,65.50220693335172,65.14507104220485,65.39016738483711,1127773.9909485448
2026-08-07 03:00:00+00:00,65.39016738483711,65.703309565848,65.13605501637225,65.67094152104917,1305645.584083049
2026-08-07 04:00:00+00:00,65.67094152104917,65.93504846473854,65.096913474221,65.42647946847619,1157237.050159561
2026-08-07 05:00:00+00:00,65.42647946847619,65.47645267887563,64.91603687803001,65.2972683209495,690939.1643136367
2026-08-07 06:00:00+00:00,65.2972683209495,65.66090551324739,65.0953551133514,65.24573990085715,813103.7319349712
2026-08-07 07:00:00+00:00,65.24573990085715,66.00055734525672,65.06172138181199,65.80757764980733,1226148.373419732
2026-08-07 08:00:00+00:00,65.80757764980733,65.83895037879432,65.62711173878934,65.80380867611547,706641.9410050722
2026-08-07 09:00:00+00:00,65.80380867611547,66.02526927800169,65.60115033900036,65.98458472039303,1133978.5713729996
2026-08-07 10:00:00+00:00,65.98458472039303,66.2497524485737,65.32707796380109,65.88101712916018,1367841.5295593857
2026-08-07 11:00:00+00:00,65.88101712916018,65.97101970337783,65.4962463948297,65.79489855110604,1095049.5438453003
2026-08-07 12:00:00+00:00,65.79489855110604,65.83712582694189,65.62640700363963,65.78781050232828,965700.938626353
2026-08-07 13:00:00+00:00,65.78781050232828,66.65676396302786,65.76908712366392,65.82726463210403,833563.8034217001
2026-08-07 14:00:00+00:00,65.82726463210403,65.92747334498767,65.5077035102696,65.61510688418319,1167542.344240729
2026-08-07 15:00:00+00:00,65.61510688418319,66.29652421648655,65.47549841967984,65.91904063123235,1349320.9519873883
2026-08-07 16:00:00+00:00,65.91904063123235,66.3100487675657,65.64589676464476,65.79684122987791,917385.4540498925
2026-08-07 17:00:00+00:00,65.79684122987791,66.17936275876548,65.49662532385429,65.50989927836301,1302417.5432250074
2026-08-07 18:00:00+00:00,65.50989927836301,65.72257752171721,65.28518628806945,65.55877070776009,666046.1806540727
2026-08-07 19:00:00+00:00,65.55877070776009,66.0063053616766,65.12332233734274,65.91578325014898,693434.068241813
2026-08-07 20:00:00+00:00,65.91578325014898,66.08205219578076,65.7086659519638,65.74505942120517,945670.7050657535
2026-08-07 21:00:00+00:00,65.74505942120517,65.98521200888104,65.1168942366975,65.41182080062057,687228.7848434371
2026-08-07 22:00:00+00:00,65.41182080062057,65.6943364294649,64.84009757316416,64.89054820438525,1357865.2634641728
2026-08-07 23:00:00+00:00,64.89054820438525,65.21634470353814,64.5898314144497,64.79012798458301,671992.7938497989
2026-08-08 00:00:00+00:00,64.79012798458301,64.97106703595735,64.65711907083634,64.79725125590728,836663.5695159911
2026-08-08 01:00:00+00:00,64.79725125590728,65.0900431271716,64.28785377322896,64.5232049036128,849065.4707551473
2026-08-08 02:00:00+00:00,64.5232049036128,65.42369280902135,64.30772728489505,64.72314824924584,633600.2862796652
2026-08-08 03:00:00+00:00,64.72314824924584,64.79659766808004,64.25716502657049,64.61672791416733,605794.2532685803
2026-08-08 04:00:00+00:00,64.61672791416733,64.98307105519693,64.24741510254879,64.40789955984397,929617.7919152551
2026-08-08 05:00:00+00:00,64.40789955984397,64.63527729771853,63.52722558008772,64.05856213229347,889360.082092306
2026-08-08 06:00:00+00:00,64.05856213229347,64.33032666263902,63.62466815804329,64.07802900767932,666892.9512840523
2026-08-08 07:00:00+00:00,64.07802900767932,64.15015656757055,63.148729469543376,63.52641421946893,1158159.0588393211
2026-08-08 08:00:00+00:00,63.52641421946893,63.65396690211988,63.146485715550575,63.38139697266851,982525.2408069331
2026-08-08 09:00:00+00:00,63.38139697266851,64.35694557559954,63.32113209003886,64.1784672964951,1061058.1859476722
2026-08-08 10:00:00+00:00,64.1784672964951,64.39177912346892,63.90771841777847,63.977979554581395,727086.5738461567
2026-08-08 11:00:00+00:00,63.977979554581395,63.98538439136952,62.3546043747153,63.001217213576496,810915.8665646185
2026-08-08 12:00:00+00:00,63.001217213576496,63.430990550598025,62.69231818394419,63.288026849411295,949484.4212653761
2026-08-08 13:00:00+00:00,63.288026849411295,63.65161897439547,62.90950566087927,63.05916775975911,790068.360516526
2026-08-08 14:00:00+00:00,63.05916775975911,63.2987341282909,62.490375896274486,62.6143795628739,1003598.136632458
2026-08-08 15:00:00+00:00,62.6143795628739,62.91796470194013,62.59054794172512,62.757995799778875,1255627.165784598
2026-08-08 16:00:00+00:00,62.757995799778875,63.38757777553029,62.47080770001991,63.104516149382356,739594.6762325744
2026-08-08 17:00:00+00:00,63.104516149382356,63.165867587231695,62.5311237970552,62.75227469174334,1155623.249243051
2026-08-08 18:00:00+00:00,62.75227469174334,63.60588744653664,62.521889724216315,63.4090576421497,647784.0295654783
2026-08-08 19:00:00+00:00,63.4090576421497,63.798201774603584,62.792956474637606,63.14457122854713,939130.7105458295
2026-08-08 20:00:00+00:00,63.14457122854713,64.07421101963375,62.89042648986126,64.02228030526055,921979.4472202491
2026-08-08 21:00:00+00:00,64.02228030526055,64.2977948922936,63.768439609882236,64.02954569688745,1207004.317727308
2026-08-08 22:00:00+00:00,64.02954569688745,64.3930220250523,63.33872282280531,63.61770851514373,833661.3927571527
2026-08-08 23:00:00+00:00,63.61770851514373,64.0221480374873,63.11377664998517,63.22500613783129,978569.1383210233
2026-08-09 00:00:00+00:00,63.22500613783129,63.68912425725105,63.10401092714096,63.672011509969565,862256.7952741528
2026-08-09 01:00:00+00:00,63.672011509969565,63.7821025826066,62.511508172831675,62.789735075374544,746617.5174509038
2026-08-09 02:00:00+00:00,62.789735075374544,63.25874428909952,62.78801374499857,63.0058647388876,1137644.8853259506
2026-08-09 03:00:00+00:00,63.0058647388876,63.39774146688885,62.562922591111075,62.74826591210151,984718.7660985852
2026-08-09 04:00:00+00:00,62.74826591210151,63.558000831506135,62.60710969885492,63.12057922412228,776432.2474136117
2026-08-09 05:00:00+00:00,63.12057922412228,63.40826946008707,62.84453003243584,62.938219414043736,1052016.4774464641
2026-08-09 06:00:00+00:00,62.938219414043736,62.989727977511805,62.30414553196284,62.53643477743413,794309.8433249125
2026-08-09 07:00:00+00:00,62.53643477743413,63.00099267760004,62.105214570112636,62.654022770252325,715850.669634392
2026-08-09 08:00:00+00:00,62.654022770252325,63.36002306007469,62.55191418519705,63.06124570971311,1035629.3371465605
2026-08-09 09:00:00+00:00,63.06124570971311,63.34479624640344,62.74502762439744,62.85430536742595,1031089.2031610521
2026-08-09 10:00:00+00:00,62.85430536742595,63.068134696685206,62.52972114357635,62.94075525198995,621827.0342712891
2026-08-09 11:00:00+00:00,62.94075525198995,63.172993312634496,62.926404272375954,63.01165478977039,888788.6134359343
2026-08-09 12:00:00+00:00,63.01165478977039,63.44001378474303,62.84459419185591,63.37661547681776,745506.7591799168
2026-08-09 13:00:00+00:00,63.37661547681776,63.7832880099757,63.18847415453062,63.629698582159264,1035344.4367401263
2026-08-09 14:00:00+00:00,63.629698582159264,64.27016109795501,63.471220735041456,63.84218925092691,1168101.7669886523
2026-08-09 15:00:00+00:00,63.84218925092691,63.93764230116485,63.26747000432759,63.57354023021158,967370.4812094581
2026-08-09 16:00:00+00:00,63.57354023021158,64.01454300686584,63.24539750030363,63.97196720997828,1031687.2537875754
2026-08-09 17:00:00+00:00,63.97196720997828,64.97618664659745,63.89033995649974,64.61578082843417,1127536.574241166
2026-08-09 18:00:00+00:00,64.61578082843417,64.63984829643259,63.78733821909528,63.82133842536357,863934.7618177367
2026-08-09 19:00:00+00:00,63.82133842536357,63.97872323656887,63.41529773932409,63.842576825904054,1138348.7908502312
2026-08-09 20:00:00+00:00,63.842576825904054,64.37896530647255,63.40144281693678,64.25891729936922,1243423.801668093
2026-08-09 21:00:00+00:00,64.25891729936922,65.09363640920317,64.21737075535425,64.6138418960874,1246617.5962447992
2026-08-09 22:00:00+00:00,64.6138418960874,65.14575594192875,64.4094843473577,64.82266962874601,1013397.9188426214
2026-08-09 23:00:00+00:00,64.82266962874601,65.03513680653033,64.07059493556729,64.3344689303548,1310633.1169324399
2026-08-10 00:00:00+00:00,64.3344689303548,64.47705207409209,63.92086383728907,64.05182397582965,1353717.8052439701
2026-08-10 01:00:00+00:00,64.05182397582965,64.10437798844092,63.7687320167415,63.99475096254998,1061574.225037837
2026-08-10 02:00:00+00:00,63.99475096254998,64.43358316894678,63.821387687554854,63.82778829159204,612437.526048319
2026-08-10 03:00:00+00:00,63.82778829159204,64.59209244445789,63.65242630723586,64.28439108519284,882957.9512802544
2026-08-10 04:00:00+00:00,64.28439108519284,64.3460446908092,64.126807921438,64.3048197651684,943026.732626846
2026-08-10 05:00:00+00:00,64.3048197651684,64.55795337956432,63.54638903305901,64.00188891665383,867896.0464340203
2026-08-10 06:00:00+00:00,64.00188891665383,64.35321724025,63.32515676252347,63.613231420870655,1293349.1710669028
2026-08-10 07:00:00+00:00,63.613231420870655,63.907916804594,63.216840216005764,63.53683757220711,1307219.0217245438
2026-08-10 08:00:00+00:00,63.53683757220711,63.6345820735206,63.343632215168995,63.34447509640953,1165283.0257355394
2026-08-10 09:00:00+00:00,63.34447509640953,63.7122112461586,63.31707419057469,63.51250224074702,854602.6609939525
2026-08-10 10:00:00+00:00,63.51250224074702,63.77731024332665,63.2662173734591,63.744846584529164,667746.4984799633
2026-08-10 11:00:00+00:00,63.744846584529164,64.61093973396235,63.641743160908675,64.28477880503964,1075856.699222727
2026-08-10 12:00:00+00:00,64.28477880503964,64.3621962618252,64.03642103480526,64.16658413721987,1320463.2439770359
2026-08-10 13:00:00+00:00,64.16658413721987,65.05306002383384,64.04148559310114,64.80265888758218,1116515.6986062783
2026-08-10 14:00:00+00:00,64.80265888758218,65.8391459306539,64.68916411224636,65.51644521619977,1316578.1401786865
2026-08-10 15:00:00+00:00,65.51644521619977,65.55402818961737,64.84348523569716,65.32331029631747,770479.4298525942
2026-08-10 16:00:00+00:00,65.32331029631747,65.58681083396458,64.80975588736895,64.8704256762474,898224.6863370646
2026-08-10 17:00:00+00:00,64.8704256762474,65.2692832092459,64.44244536710401,65.1957345553597,750314.1851329856
2026-08-10 18:00:00+00:00,65.1957345553597,66.00881496862938,65.14007603503178,65.33743127457784,875121.4369193232
2026-08-10 19:00:00+00:00,65.33743127457784,65.5367110044488,65.00001776067188,65.41141410242383,1363459.7407171167
2026-08-10 20:00:00+00:00,65.41141410242383,65.94471951831068,65.23229482677831,65.79663476725113,722012.1683244285
2026-08-10 21:00:00+00:00,65.79663476725113,66.05237135805386,65.12610361906977,65.59879383843531,859152.6816466853
2026-08-10 22:00:00+00:00,65.59879383843531,65.87428195790365,65.35959875708262,65.75868702544749,1068473.270012218
2026-08-10 23:00:00+00:00,65.75868702544749,65.93787298766482,65.04553357479372,65.43570806885069,860952.6739613612
2026-08-11 00:00:00+00:00,65.43570806885069,66.01221706053434,65.21795490669928,65.95596238694024,722302.0426878667
2026-08-11 01:00:00+00:00,65.95596238694024,66.41725731097013,65.71391760646891,66.03511032642045,1285706.5213070672
2026-08-11 02:00:00+00:00,66.03511032642045,66.50731518674674,64.95896791845291,65.51055250419778,889362.0879977968
2026-08-11 03:00:00+00:00,65.51055250419778,65.71085920727253,65.23096220076447,65.53362599076422,812360.2537871473
2026-08-11 04:00:00+00:00,65.53362599076422,66.11208468738766,64.60776745311028,64.7066531991425,1202152.3509592542
2026-08-11 05:00:00+00:00,64.7066531991425,64.92335719825763,64.70074026306091,64.71331056026506,1040849.5950037421
2026-08-11 06:00:00+00:00,64.71331056026506,65.18303055825858,64.622858330241,65.08644564194574,710126.893772393
2026-08-11 07:00:00+00:00,65.08644564194574,65.58923109353911,64.89785258654932,65.2096937489549,1302638.3118735482
2026-08-11 08:00:00+00:00,65.2096937489549,65.39638183917697,64.91763670868598,65.11435124787936,975880.1525637722
2026-08-11 09:00:00+00:00,65.11435124787936,65.41174335068952,64.51622244710666,64.75612803899695,1086476.2033108778
2026-08-11 10:00:00+00:00,64.75612803899695,64.81321550269365,64.02730607723836,64.34242127916465,718936.4421712881
2026-08-11 11:00:00+00:00,64.34242127916465,64.4836784796577,63.91577674116998,64.33541161455742,804910.0010575247
2026-08-11 12:00:00+00:00,64.33541161455742,65.10857831382242,64.13203720993472,64.74688174974318,728332.6703810301
2026-08-11 13:00:00+00:00,64.74688174974318,65.20389055621106,64.65326849777367,64.97199952474207,1150294.2484456643
2026-08-11 14:00:00+00:00,64.97199952474207,65.21588892438167,64.74974914583998,65.08608440141111,1036940.0645659493
2026-08-11 15:00:00+00:00,65.08608440141111,65.40054302051362,64.83553883141253,64.95884239636652,1386469.8246078216
2026-08-11 16:00:00+00:00,64.95884239636652,65.58656872900534,64.61503504700322,65.37420140494773,1007124.7518861021
2026-08-11 17:00:00+00:00,65.37420140494773,65.95170082022085,65.36013588136097,65.58445578978531,1159900.411145693
2026-08-11 18:00:00+00:00,65.58445578978531,66.04002026469674,65.40675156327443,65.99566553619898,836591.7781062432
2026-08-11 19:00:00+00:00,65.99566553619898,66.34718489706069,65.73434745808663,66.06450119371301,638765.8919012804
2026-08-11 20:00:00+00:00,66.06450119371301,66.84003612712522,66.01941766221631,66.56691665117579,939395.3911893959
2026-08-11 21:00:00+00:00,66.56691665117579,66.64405549634877,65.92988700421428,65.98277089751892,1300221.8368405276
2026-08-11 22:00:00+00:00,65.98277089751892,66.1961093211009,65.60253484250251,66.19503668916268,933604.3566566483
2026-08-11 23:00:00+00:00,66.19503668916268,66.33110773932513,66.17023233350355,66.21198480327594,642398.3208277809
2026-08-12 00:00:00+00:00,66.21198480327594,66.70239953006408,66.13200733299423,66.28785485190188,1179413.62892835
2026-08-12 01:00:00+00:00,66.28785485190188,66.71392679450766,65.94287258049766,66.47653100935847,728916.7630003878
2026-08-12 02:00:00+00:00,66.47653100935847,66.94962589205193,66.22496579301432,66.67453800243375,1201488.8162359963
2026-08-12 03:00:00+00:00,66.67453800243375,66.73340776121853,66.48651912087013,66.48764775026994,1022085.2729792594
2026-08-12 04:00:00+00:00,66.48764775026994,66.54305388344756,66.34758278086605,66.42672272855651,636873.5053572976
2026-08-12 05:00:00+00:00,66.42672272855651,66.82406104993296,66.29622668961717,66.54965353048021,1037044.7581217141
2026-08-12 06:00:00+00:00,66.54965353048021,67.32919515179783,66.4910828979896,66.71605190265875,1099768.415130964
2026-08-12 07:00:00+00:00,66.71605190265875,66.91865762255641,66.49172242110632,66.54963234073489,1399160.0686550487
2026-08-12 08:00:00+00:00,66.54963234073489,66.6869074077929,66.07107416859901,66.65564964970928,656716.5962550037
2026-08-12 09:00:00+00:00,66.65564964970928,67.18797492541846,66.62579745934352,67.02913519844002,1151605.4653147636
2026-08-12 10:00:00+00:00,67.02913519844002,67.52859000349527,67.0017758696077,67.41457670599874,807552.2927329603
2026-08-12 11:00:00+00:00,67.41457670599874,67.96380310574234,66.86875614542411,67.7809196251232,1058241.3730510103
2026-08-12 12:00:00+00:00,67.7809196251232,68.63063366370312,67.69480533984938,68.26611878974897,896453.1961203171
2026-08-12 13:00:00+00:00,68.26611878974897,68.53562683563403,67.7214528319239,67.91859921035163,824975.6711038586
2026-08-12 14:00:00+00:00,67.91859921035163,68.28865671778497,67.15411805199409,67.7044883562909,1277112.9652787661
2026-08-12 15:00:00+00:00,67.7044883562909,68.20588707187133,67.53730081134663,67.82342266884923,1248005.6242107293
2026-08-12 16:00:00+00:00,67.82342266884923,68.23617086114906,67.44962525399394,67.73432959849303,761228.5739062172
2026-08-12 17:00:00+00:00,67.73432959849303,68.7041893082823,67.73069291062279,68.55448242903678,779759.1285427692
2026-08-12 18:00:00+00:00,68.55448242903678,68.65978965070641,67.87195527521078,68.07115677782677,937282.8426347238
2026-08-12 19:00:00+00:00,68.07115677782677,69.23804172735566,67.64586689041413,69.12034038257097,1045575.3574621794
2026-08-12 20:00:00+00:00,69.12034038257097,69.22407798470621,68.38283541124275,68.56244963114192,842629.9707332512
2026-08-12 21:00:00+00:00,68.56244963114192,69.3270795354934,68.14546723253642,68.84791625797682,616537.2094314824
2026-08-12 22:00:00+00:00,68.84791625797682,69.33671104637119,68.6245572748629,69.16602297969911,930155.6453834001
2026-08-12 23:00:00+00:00,69.16602297969911,69.36137930912756,68.66389537868781,68.72339986605188,1038711.356592018
2026-08-13 00:00:00+00:00,68.72339986605188,69.60031871152601,68.68918046787837,69.37123204524983,980140.2415717237
2026-08-13 01:00:00+00:00,69.37123204524983,69.61185260243985,68.76854266713062,69.02346323353828,1154763.0986670153
2026-08-13 02:00:00+00:00,69.02346323353828,69.22436021234817,68.62138963400524,69.18420995396765,838371.7675086294
2026-08-13 03:00:00+00:00,69.18420995396765,70.30223477925351,69.0651626534651,69.91721742573391,610713.8053847284
2026-08-13 04:00:00+00:00,69.91721742573391,70.29546384087,69.52561631868254,70.19992586900541,764818.5824992495
2026-08-13 05:00:00+00:00,70.19992586900541,70.26784768883513,69.53741780436344,69.57472860542279,1347593.5610108613
2026-08-13 06:00:00+00:00,69.57472860542279,70.03957731811934,69.05884225807007,69.57836723693858,1319341.325597281
2026-08-13 07:00:00+00:00,69.57836723693858,69.92130017504003,69.46061510301871,69.59675269912879,1185852.5532427519
2026-08-13 08:00:00+00:00,69.59675269912879,69.97397952021741,69.31424463434816,69.78749097182896,951513.1854175088
2026-08-13 09:00:00+00:00,69.78749097182896,70.18398446766643,69.53604062212746,69.62108968596,603113.4572546395
2026-08-13 10:00:00+00:00,69.62108968596,70.29238196946271,69.04370518288523,69.97877552600335,1355810.7944265285
2026-08-13 11:00:00+00:00,69.97877552600335,70.11447690690927,69.19629667848774,69.20145040046496,978813.0878920507
2026-08-13 12:00:00+00:00,69.20145040046496,69.40174044100324,69.03808148028219,69.16870515328314,703940.4499924765
2026-08-13 13:00:00+00:00,69.16870515328314,69.75322636899462,67.99846829127239,68.6443058445455,1275259.0636940845
2026-08-13 14:00:00+00:00,68.6443058445455,68.77702703525475,68.34414586449832,68.5716821222176,995801.2902052429
2026-08-13 15:00:00+00:00,68.5716821222176,68.90396502307769,68.32500476160592,68.57258149933153,839060.3006604625
2026-08-13 16:00:00+00:00,68.57258149933153,69.18977071723126,68.19120400804277,68.88546097838835,732263.7018627889
2026-08-13 17:00:00+00:00,68.88546097838835,68.99453050261621,68.25504325895665,68.74356844848836,698298.5602899513
2026-08-13 18:00:00+00:00,68.74356844848836,69.6892861981934,68.45758808689195,69.02634461224098,1316829.0914198528
2026-08-13 19:00:00+00:00,69.02634461224098,69.41410383903434,69.00159353011028,69.40032528361046,925382.3973522444
2026-08-13 20:00:00+00:00,69.40032528361046,70.18091389356623,68.95811972952868,70.03102293504713,1160696.2400283134
2026-08-13 21:00:00+00:00,70.03102293504713,70.35428593527624,69.73037533173874,70.23573726989613,961174.5189787128
2026-08-13 22:00:00+00:00,70.23573726989613,70.28471102398579,69.90889793827681,70.08428782875585,1268574.0097209676
2026-08-13 23:00:00+00:00,70.08428782875585,70.74509298337064,69.80804358758972,70.30645217195755,714648.2782096384
2026-08-14 00:00:00+00:00,70.30645217195755,70.94506282571439,69.84113332954391,70.37846315020003,1286240.1691002692
2026-08-14 01:00:00+00:00,70.37846315020003,70.6717864813301,69.3163658260874,69.47365194704616,1139016.0809030347
2026-08-14 02:00:00+00:00,69.47365194704616,69.68507088900525,69.37546639220771,69.45941514588701,706777.0805756227
2026-08-14 03:00:00+00:00,69.45941514588701,70.23356627358083,69.35249520641578,69.62447945175789,1307679.3705236274
2026-08-14 04:00:00+00:00,69.62447945175789,70.23227061548974,69.45546849165031,70.19209564553542,669775.0599662116
2026-08-14 05:00:00+00:00,70.19209564553542,70.26736571278221,69.70189491027158,69.9879915658753,1274189.88087693
2026-08-14 06:00:00+00:00,69.9879915658753,70.5386057984745,68.18041215145351,68.68144314002076,826698.4206173582
2026-08-14 07:00:00+00:00,68.68144314002076,69.53834769605588,68.44751978443736,69.00912700715686,1124486.7285304419
2026-08-14 08:00:00+00:00,69.00912700715686,69.4026012310985,68.56011424621542,69.19932657132085,663247.2411749876
2026-08-14 09:00:00+00:00,69.19932657132085,69.50698780788726,68.45779114908483,68.69925220452043,1297626.954137306
2026-08-14 10:00:00+00:00,68.69925220452043,68.96077603562685,68.09625321059245,68.14953626038537,944814.4121305753
2026-08-14 11:00:00+00:00,68.14953626038537,68.34345180903195,67.65985702580508,68.01063621851476,892953.5059197833
2026-08-14 12:00:00+00:00,68.01063621851476,68.26475334880077,67.7306018144927,67.80491362892343,602342.2589571457
2026-08-14 13:00:00+00:00,67.80491362892343,68.55177342466874,67.44058325233281,68.5418238034484,1228502.511681809
2026-08-14 14:00:00+00:00,68.5418238034484,68.84493542836977,68.16608589975824,68.27130130564782,745093.7566079315
2026-08-14 15:00:00+00:00,68.27130130564782,68.48372868855546,67.9280064204122,68.47644705094433,1213630.8435986757
2026-08-14 16:00:00+00:00,68.47644705094433,68.83365310406286,68.4533923691621,68.82553262395582,858905.8858080709
2026-08-14 17:00:00+00:00,68.82553262395582,69.2988137646578,68.69255642720977,69.11375460799937,1265701.2819624578
2026-08-14 18:00:00+00:00,69.11375460799937,69.2862699312103,68.2458622559154,68.36573031675958,1313903.240445906
2026-08-14 19:00:00+00:00,68.36573031675958,68.6417197928813,67.63464107919343,67.93287211483458,1117214.4914789372
2026-08-14 20:00:00+00:00,67.93287211483458,68.31676553571336,67.61928749096494,68.2048672141506,834094.2084820325
2026-08-14 21:00:00+00:00,68.2048672141506,68.37068558290517,68.05740898621272,68.23003989763431,695481.7816491033
2026-08-14 22:00:00+00:00,68.23003989763431,68.51159647119117,68.01257421765801,68.4527212108295,1232129.1161633532
2026-08-14 23:00:00+00:00,68.4527212108295,68.7127480721799,68.42290462915864,68.51432194111918,636083.9383249278
2026-08-15 00:00:00+00:00,68.51432194111918,68.64044701666467,68.2821568958788,68.37607358566947,615494.4443719818
2026-08-15 01:00:00+00:00,68.37607358566947,68.9292704912219,68.01273696836111,68.81207259583633,1049590.3593055932
2026-08-15 02:00:00+00:00,68.81207259583633,69.10349831628254,68.65264894808531,68.77039475645526,650899.8859018846
2026-08-15 03:00:00+00:00,68.77039475645526,68.91426589065317,68.60883007979821,68.66528538324191,1341629.3937775872
2026-08-15 04:00:00+00:00,68.66528538324191,69.51236840838223,68.60456046053753,69.35100980819169,790205.3774372253
2026-08-15 05:00:00+00:00,69.35100980819169,69.35400606750169,68.88125101746924,68.92898493185142,626817.3466498861
2026-08-15 06:00:00+00:00,68.92898493185142,68.99270544201534,68.62190686582629,68.69545676838159,1308773.6275943161
2026-08-15 07:00:00+00:00,68.69545676838159,69.73498075583021,68.41634834546768,69.26339976715082,1361558.4603312942
2026-08-15 08:00:00+00:00,69.26339976715082,69.40478617879921,68.4900592143402,68.58676879917181,848257.8628690991
2026-08-15 09:00:00+00:00,68.58676879917181,68.80712112996306,67.92062666414876,68.32112497492032,758178.0605183527
2026-08-15 10:00:00+00:00,68.32112497492032,68.69541977353148,67.35067106700986,67.72623267191261,852941.7278013662
2026-08-15 11:00:00+00:00,67.72623267191261,68.27364936513179,67.69969747954664,68.21076667324863,777904.3453244716
2026-08-15 12:00:00+00:00,68.21076667324863,68.3764491443093,67.92912640703751,67.94023485013689,918141.7845250906
2026-08-15 13:00:00+00:00,67.94023485013689,68.40524995180199,67.86530818460307,68.32540055767657,1366586.5232897329
2026-08-15 14:00:00+00:00,68.32540055767657,68.6433344584637,68.18285718786056,68.27935317766575,844566.5536714877
2026-08-15 15:00:00+00:00,68.27935317766575,68.9151666174413,68.000311754265,68.34219104814404,835220.9717653889
2026-08-15 16:00:00+00:00,68.34219104814404,68.88495440354548,67.73642489204083,67.96535922585119,639809.7573125674
2026-08-15 17:00:00+00:00,67.96535922585119,68.01568068675554,67.25190856932467,67.32352750269705,655567.6857540888
2026-08-15 18:00:00+00:00,67.32352750269705,68.05310623679193,67.17974105113832,67.74713820442602,1086992.0270151848
2026-08-15 19:00:00+00:00,67.74713820442602,67.89375425958849,67.35520288381102,67.53537363366087,963842.0127931752
2026-08-15 20:00:00+00:00,67.53537363366087,68.17700586830931,67.34718045127993,68.13210458206463,1052041.160362029
2026-08-15 21:00:00+00:00,68.13210458206463,68.5091718078948,67.79626704075919,68.46852021273256,862632.5841324243
2026-08-15 22:00:00+00:00,68.46852021273256,68.8528015508637,68.34175258834979,68.49610527303157,654624.0837789307
2026-08-15 23:00:00+00:00,68.49610527303157,68.84279579437909,68.13616764855405,68.14020527225682,1104928.2496841685
2026-08-16 00:00:00+00:00,68.14020527225682,68.88319928690765,68.03370551515287,68.340998127478,1308602.4472501855
2026-08-16 01:00:00+00:00,68.340998127478,68.82857650108815,67.97452368591848,68.52649765777723,715499.6700311138
2026-08-16 02:00:00+00:00,68.52649765777723,68.75649476811888,68.43093264894537,68.71846478049322,1339961.903366263
2026-08-16 03:00:00+00:00,68.71846478049322,69.01335253360583,68.38185137344611,68.97807633049054,1041624.1153154555
2026-08-16 04:00:00+00:00,68.97807633049054,69.00886865232484,67.9127438124387,68.37093887807828,730512.9829967148
2026-08-16 05:00:00+00:00,68.37093887807828,68.78029388832068,67.73044594427553,67.99881573159112,1301365.9426234749
2026-08-16 06:00:00+00:00,67.99881573159112,68.34314052171415,67.88488402641151,68.30073986207624,1288013.818096041
2026-08-16 07:00:00+00:00,68.30073986207624,68.51799666597908,67.83658684256228,68.43825236123783,928710.775143737
2026-08-16 08:00:00+00:00,68.43825236123783,69.24459580767346,68.15417439088755,69.0203236655718,1170633.4847227554
2026-08-16 09:00:00+00:00,69.0203236655718,70.16426333077484,68.50951064183045,69.84633590612461,1344012.4367583205
2026-08-16 10:00:00+00:00,69.84633590612461,69.95975156072382,69.29991604348731,69.42662385222921,917303.5615815832
2026-08-16 11:00:00+00:00,69.42662385222921,69.6835308481676,69.40795672015042,69.53569268929546,682105.4972239453
2026-08-16 12:00:00+00:00,69.53569268929546,70.09951763885752,68.92947839108466,69.98090172792885,1026375.2612911575
2026-08-16 13:00:00+00:00,69.98090172792885,69.98499248605572,69.30110533400946,69.61166218915929,1158455.4042880933
2026-08-16 14:00:00+00:00,69.61166218915929,69.84646766883196,68.54155801312119,68.70639504481807,1343384.0746244027
2026-08-16 15:00:00+00:00,68.70639504481807,69.01768924239666,68.50074775112392,68.5287126061528,957808.4914237316
2026-08-16 16:00:00+00:00,68.5287126061528,69.68162206069339,68.0999462051643,69.49037259014274,1280239.1294777433
2026-08-16 17:00:00+00:00,69.49037259014274,69.68864051533926,69.3760742384735,69.45578186917622,1064141.27035017
2026-08-16 18:00:00+00:00,69.45578186917622,69.63426335748629,69.00817706166676,69.44715840349095,1112170.3332885464
2026-08-16 19:00:00+00:00,69.44715840349095,70.00954815836823,69.34810394921499,69.66412104271978,1193914.0453665918
2026-08-16 20:00:00+00:00,69.66412104271978,69.92925610660537,69.29167439374329,69.34434303232676,1224896.4494721508
2026-08-16 21:00:00+00:00,69.34434303232676,69.62362866013915,68.81598788507071,69.40180873194036,1107693.8598812588
2026-08-16 22:00:00+00:00,69.40180873194036,69.88942988629287,69.38677121763281,69.53012280723179,1195107.6024721803
2026-08-16 23:00:00+00:00,69.53012280723179,69.81985496171227,68.68248980632949,69.34393592290947,1289677.6048670164
2026-08-17 00:00:00+00:00,69.34393592290947,69.56821691702628,68.9047661828174,69.2892911676895,875624.7040719567
2026-08-17 01:00:00+00:00,69.2892911676895,69.63530435016666,69.108382567378,69.30708250610975,851631.7038806444
2026-08-17 02:00:00+00:00,69.30708250610975,69.77251261303196,69.25091850272214,69.68129910235704,1278791.9283632315
2026-08-17 03:00:00+00:00,69.68129910235704,70.11590829906766,68.33860610961719,68.92493616222362,1338364.0375175865
2026-08-17 04:00:00+00:00,68.92493616222362,69.08591438057383,68.61644524537742,68.85581839066448,672083.3650210614
2026-08-17 05:00:00+00:00,68.85581839066448,68.97503399435331,67.28722518104408,67.90682317406723,1285488.7357063065
2026-08-17 06:00:00+00:00,67.90682317406723,68.52533685926876,67.51519157075778,68.01802437639698,620564.9011405616
2026-08-17 07:00:00+00:00,68.01802437639698,68.63412900219161,67.6105176359519,67.84618319225834,953672.1575322526
2026-08-17 08:00:00+00:00,67.84618319225834,68.234803763715,67.75522324170622,68.22514290698922,1228879.5823422358
2026-08-17 09:00:00+00:00,68.22514290698922,69.05296881616526,68.1434727086641,68.59590342110249,1102738.5252289248
2026-08-17 10:00:00+00:00,68.59590342110249,69.30770708645935,68.0870797298667,68.323000856154,843975.4306029256
2026-08-17 11:00:00+00:00,68.323000856154,68.95312009386483,68.24260054833476,68.71275046471416,821518.7997799448
2026-08-17 12:00:00+00:00,68.71275046471416,68.8419102120952,67.68313640926674,67.85769535604474,818816.2382630634
2026-08-17 13:00:00+00:00,67.85769535604474,68.35038181520726,67.39004216721625,67.52000971303978,879941.7692840904
2026-08-17 14:00:00+00:00,67.52000971303978,68.34497038586724,67.36908984959989,67.79820960673048,1278462.9951109977
2026-08-17 15:00:00+00:00,67.79820960673048,67.97076595718868,67.69988202851695,67.79392486489341,815357.9528331971
2026-08-17 16:00:00+00:00,67.79392486489341,68.17559749143206,67.33204990493687,68.10229524561731,1189456.7688722645
2026-08-17 17:00:00+00:00,68.10229524561731,68.77476520768299,68.06676474079055,68.60181972974645,837517.6497717816
2026-08-17 18:00:00+00:00,68.60181972974645,69.66586193753236,68.07900077800414,69.5370912106135,803167.7021633905
2026-08-17 19:00:00+00:00,69.5370912106135,69.55966649552558,69.19167207573528,69.27398023102424,755630.5315203696
2026-08-17 20:00:00+00:00,69.27398023102424,69.58351628781806,68.80261549939911,68.94103083143152,1167393.8829868264
2026-08-17 21:00:00+00:00,68.94103083143152,69.16194115969222,68.78054854438484,69.01846532646516,747674.3907332906
2026-08-17 22:00:00+00:00,69.01846532646516,69.02691229820726,68.81270254682109,68.87608304441544,1389648.2900025675
2026-08-17 23:00:00+00:00,68.87608304441544,69.06415590153146,68.35575263214841,68.45787214928089,1053545.197964368
2026-08-18 00:00:00+00:00,68.45787214928089,69.12576893342825,67.92593217818656,68.24966596144868,1248249.972522672
2026-08-18 01:00:00+00:00,68.24966596144868,68.4179834343361,67.32752736050924,67.48038060666039,864921.7376095385
2026-08-18 02:00:00+00:00,67.48038060666039,67.60535587858654,66.96743466154925,67.01333218439066,654097.9319816037
2026-08-18 03:00:00+00:00,67.01333218439066,67.10567559811193,66.04146452097993,66.17429514527173,868726.7569690702
2026-08-18 04:00:00+00:00,66.17429514527173,66.70357203101263,65.99730926369985,66.64561279308148,814126.3907064884
2026-08-18 05:00:00+00:00,66.64561279308148,66.79795409972121,66.49780024528339,66.79646366235627,1017618.8736348617
2026-08-18 06:00:00+00:00,66.79646366235627,67.07531647840482,66.30689113738755,67.06350791093988,1376705.323129095
2026-08-18 07:00:00+00:00,67.06350791093988,67.51019244573303,66.29882039759374,66.42394224816645,1116525.517096462
2026-08-18 08:00:00+00:00,66.42394224816645,66.55631407410714,65.43825396984059,65.76572825236404,879595.3006598566
2026-08-18 09:00:00+00:00,65.76572825236404,66.4206599183246,65.71299280266562,66.05308674042294,859129.226691587
2026-08-18 10:00:00+00:00,66.05308674042294,66.1625351085903,65.56537848568121,65.84311694508946,765734.0843492049
2026-08-18 11:00:00+00:00,65.84311694508946,66.03217302934563,65.71054064876326,65.84800965555822,708105.6478418435
2026-08-18 12:00:00+00:00,65.84800965555822,65.92542585915369,64.91199062674113,65.30182846754806,1354551.3020737867
2026-08-18 13:00:00+00:00,65.30182846754806,65.8520232584476,64.98575523977347,65.6165647078906,1052529.3349634223
2026-08-18 14:00:00+00:00,65.6165647078906,66.18891162991113,65.46510819516028,65.9979200547404,1326197.7621215065
2026-08-18 15:00:00+00:00,65.9979200547404,66.29276971098302,65.83731758492102,65.86919455073362,839472.8726225568
2026-08-18 16:00:00+00:00,65.86919455073362,66.33996158685264,65.80994241881622,66.2798923501248,1197055.9589370305
2026-08-18 17:00:00+00:00,66.2798923501248,66.82432510055897,66.01065876150794,66.54163594940756,603445.1637043831
2026-08-18 18:00:00+00:00,66.54163594940756,66.62486487588181,65.52919550050609,65.85987969254725,1092660.2462538115
2026-08-18 19:00:00+00:00,65.85987969254725,66.61574648009989,65.7009685901097,66.45195244275477,1073870.576215614
2026-08-18 20:00:00+00:00,66.45195244275477,66.55767203021804,65.7534075734444,65.90612200517236,1352555.066469679
2026-08-18 21:00:00+00:00,65.90612200517236,66.18786448725051,65.82300635195068,66.02723828767438,721626.1200303317
2026-08-18 22:00:00+00:00,66.02723828767438,66.405601628979,65.0886872836535,65.42396684890748,803220.8455094261
2026-08-18 23:00:00+00:00,65.42396684890748,65.77372234409165,64.76742813059265,65.22338872480894,1118304.2665375248
2026-08-19 00:00:00+00:00,65.22338872480894,65.27271931953253,64.31352533606398,64.61773959066387,868913.0065994778
2026-08-19 01:00:00+00:00,64.61773959066387,64.70748935081366,63.67260675137221,64.27389009211291,930242.9707704188
2026-08-19 02:00:00+00:00,64.27389009211291,64.52114117292953,64.0131131764744,64.42274504432974,1313903.115598869
2026-08-19 03:00:00+00:00,64.42274504432974,64.71338468190372,64.06470257346128,64.66873770441616,895719.9452563892
2026-08-19 04:00:00+00:00,64.66873770441616,65.02474975363985,64.16759513824896,64.35671843442236,966089.3686911636
2026-08-19 05:00:00+00:00,64.35671843442236,64.55107378235753,63.88644992358272,63.959333473591144,1373388.9299903894
2026-08-19 06:00:00+00:00,63.959333473591144,64.49078846300263,63.00676623220224,63.51083603999586,1279265.861074397
2026-08-19 07:00:00+00:00,63.51083603999586,64.01024459328943,63.444405558884114,63.77207138552681,946491.3843288665
2026-08-19 08:00:00+00:00,63.77207138552681,63.90586800824404,63.06412267457804,63.270272549664426,952563.6331286267
2026-08-19 09:00:00+00:00,63.270272549664426,63.57737708583853,62.783549862629954,62.98558850664807,685975.6689058004
2026-08-19 10:00:00+00:00,62.98558850664807,63.42643873659404,62.832081311661234,63.141147140113645,663374.6885511496
2026-08-19 11:00:00+00:00,63.141147140113645,63.386940685585884,62.58580753539117,63.33270866166542,776286.2534876234
2026-08-19 12:00:00+00:00,63.33270866166542,63.549821747699134,62.53283934769563,62.835951842410005,819942.9461407957
2026-08-19 13:00:00+00:00,62.835951842410005,62.94565195934062,62.37911607087764,62.52624191666107,837008.9398758833
2026-08-19 14:00:00+00:00,62.52624191666107,62.97400224588255,62.33785789636392,62.70506840039642,1106067.0660872457
2026-08-19 15:00:00+00:00,62.70506840039642,62.731208205344124,62.11962528530454,62.470872676569456,814246.7344388459
2026-08-19 16:00:00+00:00,62.470872676569456,62.879997059438516,61.85082064012023,62.0880727722238,1050711.3317728636
2026-08-19 17:00:00+00:00,62.0880727722238,62.30235531085218,61.9799976370528,62.178675521234844,1329613.5165960416
2026-08-19 18:00:00+00:00,62.178675521234844,62.68357410546845,62.10669098414093,62.61545001568586,723369.896203209
2026-08-19 19:00:00+00:00,62.61545001568586,63.55487960781989,62.52110524169586,63.309312287719635,944968.6822409687
2026-08-19 20:00:00+00:00,63.309312287719635,63.35319152474117,62.454694434635044,63.02439129889892,601814.9410028212
2026-08-19 21:00:00+00:00,63.02439129889892,63.12455864100247,62.130520458685076,62.31621156838695,839745.2541927693
2026-08-19 22:00:00+00:00,62.31621156838695,62.318828437379764,62.003379297623475,62.24502265118159,1137991.6971489142
2026-08-19 23:00:00+00:00,62.24502265118159,62.34801182492483,61.29922242168454,61.661463047922275,872572.2175517925
2026-08-20 00:00:00+00:00,61.661463047922275,61.93119048002301,61.402177554745144,61.80018585832131,964118.3887963465
2026-08-20 01:00:00+00:00,61.80018585832131,61.96506779874264,61.63291127324675,61.80739844992232,1163354.8118368764
2026-08-20 02:00:00+00:00,61.80739844992232,62.63300540997342,61.552917537270424,62.574594887321695,1184822.1288322178
2026-08-20 03:00:00+00:00,62.574594887321695,63.09734750196713,61.74546022374815,62.089703788197546,1129471.4279258114
2026-08-20 04:00:00+00:00,62.089703788197546,62.37624842662602,61.56428445168248,61.74860625103606,1351599.9865228485
2026-08-20 05:00:00+00:00,61.74860625103606,62.101718047193266,61.61293428632561,61.87805691889311,613572.8452125702
2026-08-20 06:00:00+00:00,61.87805691889311,62.59199666931299,61.787733587908825,62.13905307107707,705831.2688532316
2026-08-20 07:00:00+00:00,62.13905307107707,62.200732834110795,61.14444881780652,61.231048914639274,926294.8996610936
2026-08-20 08:00:00+00:00,61.231048914639274,61.6049100679111,61.06111436713421,61.24518733782519,648018.457399404
2026-08-20 09:00:00+00:00,61.24518733782519,61.798252855286144,60.905160077323224,61.49643377628175,1133412.8984985652
2026-08-20 10:00:00+00:00,61.49643377628175,61.59644523783092,60.466349500926945,60.55918755699034,1057540.2876263047
2026-08-20 11:00:00+00:00,60.55918755699034,60.93921122083774,60.041183523703076,60.82278393350553,1112398.0961732445
2026-08-20 12:00:00+00:00,60.82278393350553,61.09219305792038,60.54610684086037,60.733576372021744,830289.0489130301
2026-08-20 13:00:00+00:00,60.733576372021744,60.96698642758631,60.558047899091825,60.962013128510755,1357307.7414199677
2026-08-20 14:00:00+00:00,60.962013128510755,61.29405573852866,60.895523742307375,61.20533323387132,1274237.332420989
2026-08-20 15:00:00+00:00,61.20533323387132,61.37345195251908,60.68710553710796,60.88725672231531,912197.5304948564
2026-08-20 16:00:00+00:00,60.88725672231531,61.8309204381053,60.87852453482877,61.53952203846654,935771.2961426747
2026-08-20 17:00:00+00:00,61.53952203846654,62.187361018189335,60.95959829080623,61.89030064781648,1247208.580512353
2026-08-20 18:00:00+00:00,61.89030064781648,61.9058165560656,60.92969543213465,61.801524933769535,811930.729116064
2026-08-20 19:00:00+00:00,61.801524933769535,61.95593048063114,61.136556990569346,61.27980100298665,1101744.4329881018
2026-08-20 20:00:00+00:00,61.27980100298665,61.798101226816,60.93226219263231,61.69442515331241,679601.4702143931
2026-08-20 21:00:00+00:00,61.69442515331241,62.586703903246445,61.333118601969936,62.340727918466165,747709.1820018733
2026-08-20 22:00:00+00:00,62.340727918466165,62.369021603423214,62.143437838889625,62.27800865494979,1226938.5505591424
2026-08-20 23:00:00+00:00,62.27800865494979,62.98334042352426,62.133434335420866,62.67799434138016,1167607.791141242
2026-08-21 00:00:00+00:00,62.67799434138016,62.897462508510934,62.277607337538115,62.37914601372197,707807.729689257
2026-08-21 01:00:00+00:00,62.37914601372197,63.62089580449328,62.09247572621594,63.47201853923469,947564.022663876
2026-08-21 02:00:00+00:00,63.47201853923469,63.815499598253375,63.36373448671686,63.75678108206011,903099.4990593835
2026-08-21 03:00:00+00:00,63.75678108206011,64.15372415684142,63.64663149599985,64.07640639323549,1079982.3886552567
2026-08-21 04:00:00+00:00,64.07640639323549,65.19592180623053,63.84822685035006,64.40087079393012,1044172.1675963327
2026-08-21 05:00:00+00:00,64.40087079393012,64.44700408685149,63.86481259538635,64.1010723270924,1116360.909775861
2026-08-21 06:00:00+00:00,64.1010723270924,64.3445938339977,63.65002642637901,64.33863805679538,706759.3426073765
2026-08-21 07:00:00+00:00,64.33863805679538,64.74152638610063,64.01339384266839,64.10209170203332,919658.0969970255
2026-08-21 08:00:00+00:00,64.10209170203332,64.20141282499264,63.28748536076437,63.3161298802592,1380867.0985719527
2026-08-21 09:00:00+00:00,63.3161298802592,63.78270060664393,63.090215518007405,63.715406559240506,1039926.8005676338
2026-08-21 10:00:00+00:00,63.715406559240506,63.95872587058371,63.65089732044854,63.88181013546305,707033.6253614204
2026-08-21 11:00:00+00:00,63.88181013546305,63.888239553748114,63.50833495373629,63.75167362373034,1051476.9777336423
2026-08-21 12:00:00+00:00,63.75167362373034,63.812796844238434,63.264063504299656,63.27013799740205,871381.5718872212
2026-08-21 13:00:00+00:00,63.27013799740205,63.275885697282355,63.20240398005579,63.21887247443115,1101404.2046618387
2026-08-21 14:00:00+00:00,63.21887247443115,63.39388627379986,62.65310767191202,62.91354589062527,660172.2562402784
2026-08-21 15:00:00+00:00,62.91354589062527,63.163217994751335,62.15237603164315,62.1892293718533,1287645.7729368776
2026-08-21 16:00:00+00:00,62.1892293718533,62.44931110342244,61.919802252310205,61.93884770492692,823393.0249474965
2026-08-21 17:00:00+00:00,61.93884770492692,62.0998503293538,60.98370766017443,61.115623558516184,865772.3284137953
2026-08-21 18:00:00+00:00,61.115623558516184,61.83214860674109,60.97089362362585,61.43676341087936,939639.1406508198
2026-08-21 19:00:00+00:00,61.43676341087936,61.81495850946009,60.65766111024092,60.6789076072564,1091144.77595814
2026-08-21 20:00:00+00:00,60.6789076072564,60.94400561862495,60.1162989923701,60.44323251339305,737939.5579770105
2026-08-21 21:00:00+00:00,60.44323251339305,60.49134597537669,59.84486042610079,60.41281153758528,1280087.5690309065
2026-08-21 22:00:00+00:00,60.41281153758528,60.776479691982914,60.0340779750636,60.718899308966044,1325547.8375934125
2026-08-21 23:00:00+00:00,60.718899308966044,60.7201116661814,60.440594280579504,60.622943549760066,1143745.0837267858
2026-08-22 00:00:00+00:00,60.622943549760066,61.10623108865336,60.39017896606468,60.80747303967537,733384.4597680428
2026-08-22 01:00:00+00:00,60.80747303967537,60.96774100880905,60.74043469392041,60.83036118145224,840984.6610051867
2026-08-22 02:00:00+00:00,60.83036118145224,61.30781501089981,60.59912174348754,61.15707366812904,910543.1722656941
2026-08-22 03:00:00+00:00,61.15707366812904,61.38750831921376,61.05571758510743,61.19451219306021,1122442.79876795
2026-08-22 04:00:00+00:00,61.19451219306021,61.36997722101803,60.8917478070454,60.99953014156387,636234.7623359718
2026-08-22 05:00:00+00:00,60.99953014156387,61.95473267665808,60.967563279636515,61.559057495381104,1010469.8807695543
2026-08-22 06:00:00+00:00,61.559057495381104,62.222082539968255,61.40518862621165,61.94562367923484,668577.431294331
2026-08-22 07:00:00+00:00,61.94562367923484,62.230134259334505,61.884168182376676,62.10478002058012,1230421.8972930112
2026-08-22 08:00:00+00:00,62.10478002058012,62.23820798621849,62.032406911427444,62.13140675806847,927345.8956133842
2026-08-22 09:00:00+00:00,62.13140675806847,62.560814895572996,61.94326482273062,62.15950046876063,635141.5232127641
2026-08-22 10:00:00+00:00,62.15950046876063,62.22497236484313,61.805118615731345,61.86582210961063,1139396.6173072378
2026-08-22 11:00:00+00:00,61.86582210961063,61.93793919562099,61.145662985032544,61.54666453081984,836367.1045630535
2026-08-22 12:00:00+00:00,61.54666453081984,61.97960120482745,61.43817880673406,61.55682435048549,1264475.58797293
2026-08-22 13:00:00+00:00,61.55682435048549,61.602223175028115,61.406546686638,61.416990422961135,1107757.9523700648
2026-08-22 14:00:00+00:00,61.416990422961135,62.20423538599976,61.13598171975052,61.99310712045399,1018162.1377565278
2026-08-22 15:00:00+00:00,61.99310712045399,62.16800958671014,61.39658530380294,61.63682294643525,1266928.3976188935
2026-08-22 16:00:00+00:00,61.63682294643525,61.74311240576983,61.19658396084008,61.32396787241157,1258748.3946848214
2026-08-22 17:00:00+00:00,61.32396787241157,62.225539033746244,61.27188194239532,62.1705368375517,632784.0130280036
2026-08-22 18:00:00+00:00,62.1705368375517,62.66711338203896,61.86313502670252,62.51697031991352,1278620.7809319352
2026-08-22 19:00:00+00:00,62.51697031991352,63.19323502236666,62.2868673039008,63.07555886390051,651373.479758275
2026-08-22 20:00:00+00:00,63.07555886390051,63.289621775066536,62.816722700047286,63.11974137431952,759077.1791772147
2026-08-22 21:00:00+00:00,63.11974137431952,63.24888337796853,62.99672462720804,63.01605932902842,1151996.4683438411
2026-08-22 22:00:00+00:00,63.01605932902842,63.340672840740815,62.92473267749702,63.13873231130106,883145.0486011696
2026-08-22 23:00:00+00:00,63.13873231130106,63.551261377114386,62.9930502372672,63.36168493088786,979611.8480215205
2026-08-23 00:00:00+00:00,63.36168493088786,63.50207006655687,62.90251118131558,63.46454563778411,920649.978230317
2026-08-23 01:00:00+00:00,63.46454563778411,64.13137095518985,63.02391703095083,63.96927221717788,1263343.4638600503
2026-08-23 02:00:00+00:00,63.96927221717788,64.38344048606922,63.721870929024696,63.855289920674345,791109.229547618
2026-08-23 03:00:00+00:00,63.855289920674345,64.07080442943602,63.51541136089644,63.759703706666556,1307826.4991865638
2026-08-23 04:00:00+00:00,63.759703706666556,63.868833033945926,63.566464516130694,63.613875280300455,1096861.441269373
2026-08-23 05:00:00+00:00,63.613875280300455,63.99667198078705,62.854607467866884,63.443934403646885,636802.9871168266
2026-08-23 06:00:00+00:00,63.443934403646885,63.793089912850625,63.044623788167684,63.20256580095952,1256341.0924714964
2026-08-23 07:00:00+00:00,63.20256580095952,63.74326286884783,62.926837305262325,63.685051941931036,649111.3649222888
2026-08-23 08:00:00+00:00,63.685051941931036,63.946397329160945,63.33205992188027,63.88631605643264,704908.920710886
2026-08-23 09:00:00+00:00,63.88631605643264,64.24190648657238,63.58471615771783,64.07439502799969,1065538.0289628974
2026-08-23 10:00:00+00:00,64.07439502799969,64.54850575789534,63.727653493765814,64.18235032188466,1150320.1536940192
2026-08-23 11:00:00+00:00,64.18235032188466,64.44131632099925,64.15875360965718,64.21600462473258,629640.109732475
2026-08-23 12:00:00+00:00,64.21600462473258,64.36470323165916,63.67650949086605,64.33898241120262,1317204.8763554129
2026-08-23 13:00:00+00:00,64.33898241120262,65.43348584968061,64.09672019997772,64.87217523323628,778908.5093591547
2026-08-23 14:00:00+00:00,64.87217523323628,65.10441383566945,64.47635696416503,64.55459470051095,1236004.7131166821
2026-08-23 15:00:00+00:00,64.55459470051095,64.700173128018,63.683172417428075,64.19016882718454,1199030.5897926271
2026-08-23 16:00:00+00:00,64.19016882718454,64.43106288780707,63.65426249291482,63.806458921715894,652434.8671708477
2026-08-23 17:00:00+00:00,63.806458921715894,64.35966824080306,63.513115205422125,64.07279742600444,845719.9140048648
2026-08-23 18:00:00+00:00,64.07279742600444,64.31475367765951,63.13810812370716,63.501164571828,991306.5766237812
2026-08-23 19:00:00+00:00,63.501164571828,63.874713019793035,63.36339592162251,63.54434322176277,658294.0365350193
2026-08-23 20:00:00+00:00,63.54434322176277,63.72745842389974,63.334977991781955,63.552823346933884,1327453.1611489216
2026-08-23 21:00:00+00:00,63.552823346933884,63.930806710619585,63.04470561880082,63.88079436056604,1342447.9304803407
2026-08-23 22:00:00+00:00,63.88079436056604,64.5805750142736,63.57418315307222,64.55257850783694,789132.8469620044
2026-08-23 23:00:00+00:00,64.55257850783694,64.5673329112614,64.0693767212945,64.24733641831946,1322194.3626904418
2026-08-24 00:00:00+00:00,64.24733641831946,64.38426541455605,63.65262403402538,64.16215413322,681690.2958958391
2026-08-24 01:00:00+00:00,64.16215413322,65.36581797338815,64.08230110096859,65.04371245370615,868513.5114702036
2026-08-24 02:00:00+00:00,65.04371245370615,65.70495023240116,64.80271191928799,65.43686708959223,785678.9662163696
2026-08-24 03:00:00+00:00,65.43686708959223,65.57495833115988,64.7761256838625,65.08172209817828,1017230.0299953254
2026-08-24 04:00:00+00:00,65.08172209817828,65.35734868661793,64.28625596993506,64.638497567876,933712.4920603617
2026-08-24 05:00:00+00:00,64.638497567876,65.41569128544286,64.51988553702124,65.31746516798836,1275785.835591191
2026-08-24 06:00:00+00:00,65.31746516798836,65.41663619101949,65.00231582303826,65.29042211431141,741629.6164500719
2026-08-24 07:00:00+00:00,65.29042211431141,65.46350129732497,64.98726530987643,65.42610363779907,1299009.1613134502
2026-08-24 08:00:00+00:00,65.42610363779907,65.6763283457758,65.23541650106,65.54663175189982,1138934.863643443
2026-08-24 09:00:00+00:00,65.54663175189982,65.66280425195635,65.52742348959345,65.60393300606617,1154970.9827616417
2026-08-24 10:00:00+00:00,65.60393300606617,66.21065939474198,65.40639867500367,66.09945052999971,871964.7800469876
2026-08-24 11:00:00+00:00,66.09945052999971,66.46664553575098,65.72198774285957,65.81006101352446,1323026.2159636864
2026-08-24 12:00:00+00:00,65.81006101352446,66.04233867947707,65.71206323155177,65.78821216811487,1380223.423280283
2026-08-24 13:00:00+00:00,65.78821216811487,66.23202365521809,65.72597770647218,65.76816868722779,1011148.2744671971
2026-08-24 14:00:00+00:00,65.76816868722779,66.44835879836852,65.53564563448752,66.43444974799687,876795.334048955
2026-08-24 15:00:00+00:00,66.43444974799687,66.50564140904488,66.14420278236183,66.38511061429656,1241645.6665412756
2026-08-24 16:00:00+00:00,66.38511061429656,66.74007066338424,66.16559227943699,66.58882609483828,600989.7125972895
2026-08-24 17:00:00+00:00,66.58882609483828,67.06871239053746,65.29863328249027,65.3421854630844,1367186.256091828
2026-08-24 18:00:00+00:00,65.3421854630844,65.6990721246419,64.55418689824046,64.9982022779176,1007334.775764658
2026-08-24 19:00:00+00:00,64.9982022779176,65.56508227568817,64.82973183100636,65.07255642313771,603656.0669488927
2026-08-24 20:00:00+00:00,65.07255642313771,65.2738287174385,64.23636042150294,65.08591775378041,840391.54885342
2026-08-24 21:00:00+00:00,65.08591775378041,65.32827125481693,64.83688608314624,64.93210605294249,1187645.0056910152
2026-08-24 22:00:00+00:00,64.93210605294249,65.20403721567894,64.64201859516459,64.78234768883688,805371.541995259
2026-08-24 23:00:00+00:00,64.78234768883688,64.99369004697402,64.49491795555045,64.59430705537227,865934.0342033333
2026-08-25 00:00:00+00:00,64.59430705537227,65.010985096307,64.58921781097,64.92320466414488,1034581.8369672588
2026-08-25 01:00:00+00:00,64.92320466414488,65.16761326730663,64.80191020448392,65.00701373286083,1376751.0576998724
2026-08-25 02:00:00+00:00,65.00701373286083,65.33974541219276,64.96451656873283,65.29032779129733,1163187.2555370624
2026-08-25 03:00:00+00:00,65.29032779129733,65.55893025730138,64.81194641028294,65.10628623926773,1034051.6067963565
2026-08-25 04:00:00+00:00,65.10628623926773,65.71845734813469,64.74427199804134,65.03135635611899,711294.944203154
2026-08-25 05:00:00+00:00,65.03135635611899,65.15702947544025,64.86072170013576,65.11792722667114,1248002.5727992922
2026-08-25 06:00:00+00:00,65.11792722667114,65.51981385766312,65.06025636269672,65.18539632388394,945408.0767094619
2026-08-25 07:00:00+00:00,65.18539632388394,65.36801095989452,65.18027712060997,65.26264362802021,708187.266598214
2026-08-25 08:00:00+00:00,65.26264362802021,65.70706910183542,64.37757589191546,64.81951832178369,1262190.5017877687
2026-08-25 09:00:00+00:00,64.81951832178369,65.7127794989053,64.6340280383059,65.31571981578601,1352450.819674166
2026-08-25 10:00:00+00:00,65.31571981578601,65.59576993857985,65.0751952500753,65.29492608657623,1278963.8111858822
2026-08-25 11:00:00+00:00,65.29492608657623,65.63430927270596,65.18457670216604,65.40511902189357,1104580.77147836
2026-08-25 12:00:00+00:00,65.40511902189357,65.7254182413192,64.86326193629603,65.22311275041982,1243629.7153347002
2026-08-25 13:00:00+00:00,65.22311275041982,65.53141244558542,64.73461532969009,65.02538381342114,722773.5544634411
2026-08-25 14:00:00+00:00,65.02538381342114,65.48985538427434,64.88541658587867,65.05997831112049,715916.9850480438
2026-08-25 15:00:00+00:00,65.05997831112049,65.50364426354093,64.64680209939011,65.26253794968707,678913.7214863652
2026-08-25 16:00:00+00:00,65.26253794968707,66.1337860114496,65.16405608067323,65.77832720830044,1158712.976089449
2026-08-25 17:00:00+00:00,65.77832720830044,65.89706592371225,65.1617472254466,65.30807806648046,817298.9039995422
2026-08-25 18:00:00+00:00,65.30807806648046,65.62839906402347,64.05635940860937,64.31719857108678,1278916.7721652512
2026-08-25 19:00:00+00:00,64.31719857108678,64.4440293601274,64.07574603063124,64.25764142542718,1387043.3749165786
2026-08-25 20:00:00+00:00,64.25764142542718,64.37012752739716,63.85243861604306,64.16285012736013,912096.2240361465
2026-08-25 21:00:00+00:00,64.16285012736013,64.2339239862967,64.0649926799365,64.22153443617633,1119508.1620260114
2026-08-25 22:00:00+00:00,64.22153443617633,64.29865063386508,63.80635781944944,63.86860045691133,1134216.9014490717
2026-08-25 23:00:00+00:00,63.86860045691133,64.4484068160461,63.46606233090961,64.22487884932579,845138.7177581639
2026-08-26 00:00:00+00:00,64.22487884932579,64.64838386240082,64.00596184799032,64.44005072703919,1348985.528101687
2026-08-26 01:00:00+00:00,64.44005072703919,65.0945566127282,64.14682960952292,64.90842525406626,1352521.479544831
2026-08-26 02:00:00+00:00,64.90842525406626,65.34468601706449,64.5290274940842,64.9137722923055,833603.0668849199
2026-08-26 03:00:00+00:00,64.9137722923055,64.91656033117162,64.16701904583101,64.2010758680667,631018.9862161911
2026-08-26 04:00:00+00:00,64.2010758680667,64.5796116881808,64.06127951531568,64.49129918638378,893741.5808057748
2026-08-26 05:00:00+00:00,64.49129918638378,64.71144887437126,63.744091312649545,63.810565964516464,1221909.918854966
2026-08-26 06:00:00+00:00,63.810565964516464,64.65197372666981,63.725536192701476,64.26258024572155,1301108.4297093584
2026-08-26 07:00:00+00:00,64.26258024572155,64.65683019257725,63.41128468106089,63.85496501549109,989289.0477538717
2026-08-26 08:00:00+00:00,63.85496501549109,64.45718474840731,63.84087252825358,63.95722806934569,1254692.3889346158
2026-08-26 09:00:00+00:00,63.95722806934569,64.20981116278882,63.76691377731935,63.8663349354888,1185733.4850658074
2026-08-26 10:00:00+00:00,63.8663349354888,64.00974012040871,63.162279954171694,63.6382820365821,871568.0843595404
2026-08-26 11:00:00+00:00,63.6382820365821,64.02196021118702,63.532112955565864,63.92186461520909,611303.2058874223
2026-08-26 12:00:00+00:00,63.92186461520909,64.62733389186019,63.52913821164154,64.59243142698014,1198920.4108990026
2026-08-26 13:00:00+00:00,64.59243142698014,65.4710378538998,64.35848155589403,65.30008360009911,749991.4941637553
2026-08-26 14:00:00+00:00,65.30008360009911,65.77135617209257,64.34608680105869,64.82660541530491,1251158.825533007
2026-08-26 15:00:00+00:00,64.82660541530491,65.29715506507057,64.71844057555785,65.2399470808777,1241831.0724274963
2026-08-26 16:00:00+00:00,65.2399470808777,65.42569257341898,64.76466588250398,65.08420201974548,737095.321836212
2026-08-26 17:00:00+00:00,65.08420201974548,65.42212233270092,64.85447514882645,64.89184731553006,733173.0300308465
2026-08-26 18:00:00+00:00,64.89184731553006,65.69388624074176,64.74981132539462,65.10788850851976,713930.6067512697
2026-08-26 19:00:00+00:00,65.10788850851976,65.51177043537578,64.10006415455489,64.58181024229239,852192.625422793
2026-08-26 20:00:00+00:00,64.58181024229239,64.7286284768508,64.26830971426288,64.70101753003105,1221863.495887169
2026-08-26 21:00:00+00:00,64.70101753003105,65.16674475338084,64.49704686613511,65.04595107675209,991722.2426856661
2026-08-26 22:00:00+00:00,65.04595107675209,65.21092759006665,64.75204089917325,64.89855341691703,1368077.5462240833
2026-08-26 23:00:00+00:00,64.89855341691703,65.47294682211682,64.79903738736127,65.16884794815924,694287.5764988088
2026-08-27 00:00:00+00:00,65.16884794815924,65.67238442553733,64.7501476507399,64.93732068887185,1029072.3374758026
2026-08-27 01:00:00+00:00,64.93732068887185,65.58827778801871,64.93587037436849,65.22742437372042,812182.1363370492
2026-08-27 02:00:00+00:00,65.22742437372042,65.24971142114461,64.8276808708845,65.01706959227133,1264199.563837134
2026-08-27 03:00:00+00:00,65.01706959227133,65.6164647515571,64.58444167531528,64.848029563948,769901.9860865765
2026-08-27 04:00:00+00:00,64.848029563948,65.23045588276847,64.53242207842618,65.03899887225593,1283259.6730005473
2026-08-27 05:00:00+00:00,65.03899887225593,65.19021422216736,64.99356944008359,65.07536784259734,667214.5617959102
2026-08-27 06:00:00+00:00,65.07536784259734,65.635827127703,65.03227285644617,65.0344740836941,723879.1484006457
2026-08-27 07:00:00+00:00,65.0344740836941,65.2479592853869,64.33971151698148,64.65598900026329,751994.5925985305
2026-08-27 08:00:00+00:00,64.65598900026329,65.62628690422547,64.36126129156969,65.34933073954997,965481.182773132
2026-08-27 09:00:00+00:00,65.34933073954997,66.1343945525453,65.19930187932319,65.34947357901822,1117581.8864418692
2026-08-27 10:00:00+00:00,65.34947357901822,66.19205964863593,65.27420771947119,66.05052832438743,791863.126566017
2026-08-27 11:00:00+00:00,66.05052832438743,66.74597600275663,66.03922935912158,66.27862591333192,897053.183452912
2026-08-27 12:00:00+00:00,66.27862591333192,66.63106965103478,65.77893914501314,66.62049318184779,882620.4590908629
2026-08-27 13:00:00+00:00,66.62049318184779,67.84883889680498,66.5857614132121,67.1467310272094,1283423.8264988342
2026-08-27 14:00:00+00:00,67.1467310272094,67.32002914275687,66.31856374480651,67.30241229397859,1325919.5137484183
2026-08-27 15:00:00+00:00,67.30241229397859,67.36779451324799,67.13093383329591,67.21580680172521,689688.0189599036
2026-08-27 16:00:00+00:00,67.21580680172521,67.42391802206271,67.02714912486769,67.09088696954954,803999.5235380025
2026-08-27 17:00:00+00:00,67.09088696954954,67.21821154288335,66.48263603266668,66.60725165872552,620520.4448449197
2026-08-27 18:00:00+00:00,66.60725165872552,67.33220874356489,66.5220492667524,67.0664195914093,1352938.662464544
2026-08-27 19:00:00+00:00,67.0664195914093,67.8799631620427,66.82562117093532,67.8646876385385,1199413.3150927948
2026-08-27 20:00:00+00:00,67.8646876385385,68.01516253378956,67.52364443187086,67.59029854266255,1382210.0253988628
2026-08-27 21:00:00+00:00,67.59029854266255,67.88721022016325,67.45162633607987,67.7988081851946,902126.040938255
2026-08-27 22:00:00+00:00,67.7988081851946,68.00721184126948,67.57801572254363,67.99132637142532,1398654.2262707818
2026-08-27 23:00:00+00:00,67.99132637142532,68.38418401190484,66.79485092861152,67.26887398722087,1366456.2626888955
2026-08-28 00:00:00+00:00,67.26887398722087,67.71170938394411,67.17104460283423,67.3700180595806,607105.4683228307
2026-08-28 01:00:00+00:00,67.3700180595806,67.83599400845648,67.2377931771224,67.68467857087204,1285201.7046255267
2026-08-28 02:00:00+00:00,67.68467857087204,68.01080338444226,67.27912795148059,67.86371734576628,998268.9595911689
2026-08-28 03:00:00+00:00,67.86371734576628,68.78854746059294,67.49855999988169,68.46984722035117,1212009.684151244
2026-08-28 04:00:00+00:00,68.46984722035117,69.55177520964283,68.19483326811353,68.94393673594759,1264316.8521449657
2026-08-28 05:00:00+00:00,68.94393673594759,69.70096079796363,68.66775753342736,69.07358696497492,967414.7252100203
2026-08-28 06:00:00+00:00,69.07358696497492,69.3711178068686,68.9552023994988,69.04676507699301,1000574.517939017
2026-08-28 07:00:00+00:00,69.04676507699301,69.17042429899004,68.25028706418301,68.58700297906356,1378609.3949637827
2026-08-28 08:00:00+00:00,68.58700297906356,69.44324033860373,68.50020963475856,69.23421657740047,1154754.781437733
2026-08-28 09:00:00+00:00,69.23421657740047,69.46232297971265,69.15034382446096,69.23569984103106,1262232.2177194287
2026-08-28 10:00:00+00:00,69.23569984103106,69.46335600168565,68.8834302824293,69.07614813418844,1204148.4198651337
2026-08-28 11:00:00+00:00,69.07614813418844,69.66828350188271,68.60006485321021,68.86213641329576,1189619.2465201826
2026-08-28 12:00:00+00:00,68.86213641329576,69.11482989798735,68.58639647720138,68.97093090515472,824532.438334528
2026-08-28 13:00:00+00:00,68.97093090515472,69.14342683776951,68.43213964706648,68.83334205634766,1016509.13917751
2026-08-28 14:00:00+00:00,68.83334205634766,68.96960284674506,68.69821018909833,68.7042486072393,669927.26482058
2026-08-28 15:00:00+00:00,68.7042486072393,68.73776484589628,67.51787645747841,67.85064022843541,621772.6894190226
2026-08-28 16:00:00+00:00,67.85064022843541,68.07038194223713,67.01537179122137,67.14653993580912,926942.0278951284
2026-08-28 17:00:00+00:00,67.14653993580912,67.23753576198098,66.57361035573275,66.9772470527351,1381949.9300078335
2026-08-28 18:00:00+00:00,66.9772470527351,67.15336280409468,66.82184477267903,66.94249935606513,1027420.3026936006
2026-08-28 19:00:00+00:00,66.94249935606513,67.25480239433926,66.58174379894409,66.78462052319203,629711.2105562822
2026-08-28 20:00:00+00:00,66.78462052319203,67.40754361466772,66.55000484359103,67.20047102059503,1221174.29494056
2026-08-28 21:00:00+00:00,67.20047102059503,67.40157237976065,66.55404210609339,67.36326814983391,702144.6819389606
2026-08-28 22:00:00+00:00,67.36326814983391,67.46695547580633,67.35428333500136,67.36879653066035,1312993.770735251
2026-08-28 23:00:00+00:00,67.36879653066035,68.00200481553935,67.28923391935501,67.4675088020552,788369.7012336625
2026-08-29 00:00:00+00:00,67.4675088020552,67.50545796075697,66.50923359584141,66.81737037162983,620541.1060623169
2026-08-29 01:00:00+00:00,66.81737037162983,67.63649540575918,66.50338507609398,67.4869592928273,1079302.163802342
2026-08-29 02:00:00+00:00,67.4869592928273,68.04557761158864,67.14613993282583,67.16635572686809,1313969.5902119572
2026-08-29 03:00:00+00:00,67.16635572686809,67.25625576390483,67.13408211092143,67.161496869342,764235.1604114843
2026-08-29 04:00:00+00:00,67.161496869342,67.63786916130233,66.83178998476095,66.86485862445937,1119122.0786450624
2026-08-29 05:00:00+00:00,66.86485862445937,67.58495214295156,66.6023123067768,67.48619671285579,906568.0752910489
2026-08-29 06:00:00+00:00,67.48619671285579,68.2840457894057,67.45722210628425,68.06575239153955,663696.5439407183
2026-08-29 07:00:00+00:00,68.06575239153955,68.06993962111903,67.6256773127783,67.67405669155875,892460.7358620958
2026-08-29 08:00:00+00:00,67.67405669155875,67.96044029226653,67.54786543777614,67.8576457694027,1207515.2832247862
2026-08-29 09:00:00+00:00,67.8576457694027,68.03887569832024,67.28937539292126,67.69285052115491,802761.8313817238
2026-08-29 10:00:00+00:00,67.69285052115491,67.69685994842618,67.10002962352837,67.41943629541836,1147479.9382476679
2026-08-29 11:00:00+00:00,67.41943629541836,68.01594350344809,66.45683051943458,66.73601754557056,1213485.1223601233
2026-08-29 12:00:00+00:00,66.73601754557056,67.23192484770006,66.49198424927413,66.53297990646546,785566.7340664722
2026-08-29 13:00:00+00:00,66.53297990646546,66.7780177042058,65.95963319488096,66.56402123157996,705278.2119742817
2026-08-29 14:00:00+00:00,66.56402123157996,67.01090504411138,66.33621653011225,66.49962194764079,1375136.7877340934
2026-08-29 15:00:00+00:00,66.49962194764079,66.54129520867377,66.18092474338872,66.3516174797277,867423.8917527299
2026-08-29 16:00:00+00:00,66.3516174797277,66.70322251583302,66.30903085193283,66.44509537665657,1140031.5745878615
2026-08-29 17:00:00+00:00,66.44509537665657,66.69900831984722,65.94510265224734,66.04268014139623,1032241.9900687971
2026-08-29 18:00:00+00:00,66.04268014139623,66.09498868981626,65.63939544064685,66.06107828007777,1139267.8344472465
2026-08-29 19:00:00+00:00,66.06107828007777,66.54360705307657,65.63384487832455,66.31372578036135,977927.753969993
2026-08-29 20:00:00+00:00,66.31372578036135,66.88115676303987,66.23660878815686,66.45866609416161,1395422.9064035704
2026-08-29 21:00:00+00:00,66.45866609416161,67.36139015159503,65.96961335441571,67.15104897270675,798479.0775195224
2026-08-29 22:00:00+00:00,67.15104897270675,67.80136987640184,67.0633769688797,67.4943006545277,1166688.0448893385
2026-08-29 23:00:00+00:00,67.4943006545277,68.02971853826801,67.34517475516452,67.6617458704648,910114.262654228
2026-08-30 00:00:00+00:00,67.6617458704648,68.36026864540378,67.46536867526169,68.1614367921145,5076386.807087533
2026-08-30 01:00:00+00:00,68.1614367921145,69.01969431431073,68.06634000560999,68.8524285939375,5577298.406333733
2026-08-30 02:00:00+00:00,68.8524285939375,70.9063304463226,68.57093637871823,70.56909857856809,4951147.471324206
2026-08-30 03:00:00+00:00,70.56909857856809,72.51687424777084,70.37331045871508,72.40776716119147,4397732.22469654
2026-08-30 04:00:00+00:00,72.40776716119147,73.81307027324483,72.26142298445316,73.67898890161848,5528182.886789942
2026-08-30 05:00:00+00:00,73.67898890161848,74.68339256957483,73.67253906911472,74.52786413820944,4936783.716499614
2026-08-30 06:00:00+00:00,74.52786413820944,75.89173656960126,74.35145502413584,75.67231046878742,5909786.740938041
2026-08-30 07:00:00+00:00,75.67231046878742,77.35092188652739,75.08494399026061,76.67013454960039,4181812.78911766
2026-08-30 08:00:00+00:00,76.67013454960039,79.10930000381647,76.2170999191453,78.96016131512928,4238909.053263919
2026-08-30 09:00:00+00:00,78.96016131512928,80.29079330081248,78.66158500198082,79.70186795759898,5421138.169890129
2026-08-30 10:00:00+00:00,79.70186795759898,82.98529656032056,79.5347796650706,82.74418803167282,4416251.935250176
2026-08-30 11:00:00+00:00,82.74418803167282,83.93483478860412,81.9776063991454,83.50982196842415,5127480.9483420625
2026-08-30 12:00:00+00:00,83.50982196842415,84.42924062562392,83.46132659770697,84.20795036376954,4004209.586567382
2026-08-30 13:00:00+00:00,84.20795036376954,85.59022685076997,83.73551441288724,85.180761872935,5596891.874606021
2026-08-30 14:00:00+00:00,85.180761872935,86.45039172410624,84.81749856268019,85.73409014140385,4779142.43399168
2026-08-30 15:00:00+00:00,85.73409014140385,88.5618827530139,85.2849499052806,88.53626080801534,5339963.463354268
2026-08-30 16:00:00+00:00,88.53626080801534,89.86987162512527,87.95355827129832,89.76807647861182,5998034.721988068
2026-08-30 17:00:00+00:00,89.76807647861182,91.4483972207481,89.2808989548462,91.31575583762557,4939229.6843962
2026-08-30 18:00:00+00:00,91.31575583762557,92.59026767705365,90.58642344248582,92.13825754584477,5069804.269595006
2026-08-30 19:00:00+00:00,92.13825754584477,92.77932008573521,92.01815045685328,92.73372607794127,5347502.989633879
2026-08-30 20:00:00+00:00,92.73372607794127,93.01765801561923,92.58152077628306,92.87418086188704,4512482.687747993
2026-08-30 21:00:00+00:00,92.87418086188704,93.71218673299697,92.52525418909302,93.07391358234436,4020797.7878090083
2026-08-30 22:00:00+00:00,93.07391358234436,93.63166069922785,92.86685478877978,93.47379264680505,4545563.749904743
2026-08-30 23:00:00+00:00,93.47379264680505,94.51978295160207,93.36750319055689,93.85858213428361,5393640.781072142
2026-08-31 00:00:00+00:00,93.85858213428361,95.55539573582271,93.63995122263876,95.52822817193587,4216348.722162522
2026-08-31 01:00:00+00:00,95.52822817193587,97.1919441779514,95.39634134117964,96.98544797295375,4102187.067470837
2026-08-31 02:00:00+00:00,96.98544797295375,98.6622765237849,96.19199513362626,98.1928717818702,5541917.20815553
2026-08-31 03:00:00+00:00,98.1928717818702,99.65365275125698,97.42938799061564,99.54681603382684,5573070.911929513
2026-08-31 04:00:00+00:00,99.54681603382684,101.8705844149785,99.35913423578565,101.79137683999899,5360596.231239345
2026-08-31 05:00:00+00:00,101.79137683999899,102.52802106850639,101.21867308458629,101.58840389923016,4562030.796494907
2026-08-31 06:00:00+00:00,101.58840389923016,102.85915720045249,101.54585391766099,102.82288836501988,5503301.09147832
2026-08-31 07:00:00+00:00,102.82288836501988,107.14700727326509,102.5846920751747,106.63998366502275,4279943.3657645825
2026-08-31 08:00:00+00:00,106.63998366502275,107.76073332317769,106.28925567647124,107.51549168285314,5338319.190431312
2026-08-31 09:00:00+00:00,107.51549168285314,111.06686075545238,107.42132482535982,110.93202397657178,4291639.672515772
2026-08-31 10:00:00+00:00,110.93202397657178,112.5376117266762,110.4187070449767,112.30764249904911,4449863.3631870225
2026-08-31 11:00:00+00:00,112.30764249904911,112.79883040862018,109.51478735434208,110.40143134527223,4642464.674626905
2026-08-31 12:00:00+00:00,110.40143134527223,112.43042608872622,110.15226998851816,112.15062104212025,5723914.783001079
2026-08-31 13:00:00+00:00,112.15062104212025,112.64016581904751,111.29882713503171,111.85237877563397,4853652.760266449
2026-08-31 14:00:00+00:00,111.85237877563397,115.63809487406422,111.34532816231787,114.46918911300463,4886512.786200381
2026-08-31 15:00:00+00:00,114.46918911300463,116.82161371478944,114.24802641551479,116.19231761954872,4216722.3359723175
2026-08-31 16:00:00+00:00,116.19231761954872,119.09821807230303,116.09348613523387,119.08379306595049,5284155.676438806
2026-08-31 17:00:00+00:00,119.08379306595049,119.53747581451226,118.48819172625083,118.65576937682224,5497608.394114948
2026-08-31 18:00:00+00:00,118.65576937682224,121.34189608203947,118.43150754879262,120.56525567050626,4525571.42708371
2026-08-31 19:00:00+00:00,120.56525567050626,123.29002411799421,120.29794016142412,122.57328814583876,5588105.3919272795
2026-08-31 20:00:00+00:00,122.57328814583876,124.70792598811661,122.18653948159843,124.64877265753972,5314319.662748626
2026-08-31 21:00:00+00:00,124.64877265753972,127.57331756797139,124.53354338923664,127.21674020810644,5535723.198304263
2026-08-31 22:00:00+00:00,127.21674020810644,130.08240747332135,126.55589658589042,129.2129862141329,4597005.3179479735
2026-08-31 23:00:00+00:00,129.2129862141329,129.6211144929416,128.61587138604048,129.59013359225688,5895141.941853465
2026-09-01 00:00:00+00:00,129.59013359225688,132.37320381578166,129.4692107208625,131.7819174047221,5219836.123019921
2026-09-01 01:00:00+00:00,131.7819174047221,134.6830985939104,131.3245384940097,134.11931102847254,5520597.241131754
2026-09-01 02:00:00+00:00,134.11931102847254,136.83475449623566,134.03510151243862,136.64174747976813,5436855.737644838
2026-09-01 03:00:00+00:00,136.64174747976813,141.389284163878,135.95932584207083,141.36680397361962,5068325.419760356
2026-09-01 04:00:00+00:00,141.36680397361962,143.50889342033793,140.55007856322132,143.3882047092332,4253501.395733695
2026-09-01 05:00:00+00:00,143.3882047092332,147.1341462516995,142.7642309685929,146.99980065570608,4364149.052733957
2026-09-01 06:00:00+00:00,146.99980065570608,149.86077138201998,146.40788903432176,149.51007959610752,4451257.871725154
2026-09-01 07:00:00+00:00,149.51007959610752,153.67314896838107,149.27751981736498,152.35337292775048,4698965.291767297
2026-09-01 08:00:00+00:00,152.35337292775048,153.79497123665487,152.11639547729942,153.4910219197996,4778008.203409777
2026-09-01 09:00:00+00:00,153.4910219197996,155.68347888109764,153.06818372891965,155.4343558700927,5817208.736974548
2026-09-01 10:00:00+00:00,155.4343558700927,159.7627313858599,153.4198606540305,159.28175852466276,4128574.5294861514
2026-09-01 11:00:00+00:00,159.28175852466276,160.10230170960313,158.28856790095736,159.93326186671706,5789618.484763317
2026-09-01 12:00:00+00:00,159.93326186671706,165.01878268684675,159.79070521597018,164.64864231409177,5354877.725933247
2026-09-01 13:00:00+00:00,164.64864231409177,166.7039843613172,164.38925685352459,166.32755662184266,5594815.979609464
2026-09-01 14:00:00+00:00,166.32755662184266,166.3636500922456,165.5994257019058,166.2773406852965,5433639.39673984
2026-09-01 15:00:00+00:00,166.2773406852965,172.23436098976987,165.64156820131612,170.99058921934267,5912399.199358444
2026-09-01 16:00:00+00:00,170.99058921934267,172.58902473403106,170.9027473263766,171.7342803818477,5029440.376838419
2026-09-01 17:00:00+00:00,171.7342803818477,173.67825953917585,170.7545667860242,172.26319942023767,5350065.901697306
2026-09-01 18:00:00+00:00,172.26319942023767,176.22087367202192,172.0397615755754,176.18372642733948,5019369.343343389
2026-09-01 19:00:00+00:00,176.18372642733948,178.88432798204948,175.5281224597586,178.41084849973515,4717971.59767105
2026-09-01 20:00:00+00:00,178.41084849973515,184.7259446117815,178.23081222481088,184.18744178281906,4870566.247445335
2026-09-01 21:00:00+00:00,184.18744178281906,189.31198433076938,184.1539648465884,188.46347753959938,4838284.980791545
2026-09-01 22:00:00+00:00,188.46347753959938,192.90132698651993,187.99246224032947,191.20369690281345,5832346.853735514
2026-09-01 23:00:00+00:00,191.20369690281345,192.59517995959044,190.82546379314152,192.40419971989706,4423639.324560647
2026-09-02 00:00:00+00:00,192.40419971989706,193.4016637305014,191.18087107367583,191.7828248433599,1493327.1709139985
2026-09-02 01:00:00+00:00,191.7828248433599,191.93701569005142,187.85544369579566,188.09872720573478,1474890.0108916839
2026-09-02 02:00:00+00:00,188.09872720573478,188.2527746283869,186.7510727293749,186.97016526222316,1824971.9965960311
2026-09-02 03:00:00+00:00,186.97016526222316,187.8738969721346,184.54447025963424,185.5457622947953,1685127.1746174663
2026-09-02 04:00:00+00:00,185.5457622947953,186.73631266578957,184.3275430175264,184.85894445956018,1705685.1625567458
2026-09-02 05:00:00+00:00,184.85894445956018,185.51186968278853,183.84861579095423,184.85794798011045,1926869.382714617
2026-09-02 06:00:00+00:00,184.85794798011045,185.14189181676844,182.51123315379408,183.7301098811402,1449310.1739600666
2026-09-02 07:00:00+00:00,183.7301098811402,184.1754454033416,181.20421531169578,181.77628158420436,1729070.899422883
2026-09-02 08:00:00+00:00,181.77628158420436,181.80397350243214,179.8011343110405,179.90652273934103,1376709.5648502752
2026-09-02 09:00:00+00:00,179.90652273934103,180.26267789178107,179.67765112761757,180.08881018714888,1991636.1119429092
2026-09-02 10:00:00+00:00,180.08881018714888,181.25840674482092,177.26880244610672,178.99374599771903,1266232.8817006128
2026-09-02 11:00:00+00:00,178.99374599771903,179.857852476733,176.7719618202907,177.49418083849008,1689082.9421653915
2026-09-02 12:00:00+00:00,177.49418083849008,177.75567024077085,175.4523950316858,176.74740433497556,1365153.4773328796
2026-09-02 13:00:00+00:00,176.74740433497556,177.26213171632855,174.4536149594053,174.99522719728498,1757514.9425548417
2026-09-02 14:00:00+00:00,174.99522719728498,176.759085541833,174.69600591756748,176.24566911983626,1207651.5789015074
2026-09-02 15:00:00+00:00,176.24566911983626,177.3513054512059,173.31189136724632,173.40787141969795,1718714.7137752848
2026-09-02 16:00:00+00:00,173.40787141969795,173.70281268090758,171.7563173299359,173.43558650116617,1395081.4158202775
2026-09-02 17:00:00+00:00,173.43558650116617,174.30331190608166,168.98366722281514,170.21115815262266,1958891.7292837494
2026-09-02 18:00:00+00:00,170.21115815262266,170.9231653717615,166.8321022137006,167.06726157466747,1691859.9837478602
2026-09-02 19:00:00+00:00,167.06726157466747,167.19737896206757,165.5234337414831,165.72392533333513,1936562.4823026152
2026-09-02 20:00:00+00:00,165.72392533333513,166.188935631125,163.04251497853485,164.1927600296614,1563099.0309273032
2026-09-02 21:00:00+00:00,164.1927600296614,164.66727695477277,162.3224229710573,162.66513361776498,1329147.338406139
2026-09-02 22:00:00+00:00,162.66513361776498,163.49459758420682,158.56203186099285,159.04203039813387,1479068.2361546764
2026-09-02 23:00:00+00:00,159.04203039813387,159.3650219134435,158.84745515541985,159.0917225618384,1958181.7471437112
2026-09-03 00:00:00+00:00,159.0917225618384,161.25117119842602,158.4347744993449,160.54332415307692,1401650.069829042
2026-09-03 01:00:00+00:00,160.54332415307692,160.58679999382298,157.617226650495,158.27528649526647,1417533.2275042662
2026-09-03 02:00:00+00:00,158.27528649526647,158.52379154134715,157.3941207479665,157.43276911062765,1520036.2489381782
2026-09-03 03:00:00+00:00,157.43276911062765,157.96817406805607,156.43455159817145,156.73463119659715,1482786.9194745703
2026-09-03 04:00:00+00:00,156.73463119659715,156.95221929770992,151.9634376583624,153.45115091769077,1477864.0960588786
2026-09-03 05:00:00+00:00,153.45115091769077,153.75830426252273,151.27737425297897,151.91853902287937,1233565.8904027552
2026-09-03 06:00:00+00:00,151.91853902287937,153.2388801111147,151.0775832234867,153.11845444889957,1368789.7198080777
2026-09-03 07:00:00+00:00,153.11845444889957,155.32536145819964,152.58105914923883,153.64124680302365,1956446.4232235798
2026-09-03 08:00:00+00:00,153.64124680302365,153.72470105268556,151.390378199123,152.15552605274002,1646878.9622091367
2026-09-03 09:00:00+00:00,152.15552605274002,152.31965668637176,150.88126393683024,151.00728889763522,1994051.5734261181
2026-09-03 10:00:00+00:00,151.00728889763522,152.34253669725769,150.85734040625528,151.72199908583661,1969487.2504253257
2026-09-03 11:00:00+00:00,151.72199908583661,151.8314985028486,150.68830371467155,150.68910093789862,1607174.609948041
2026-09-03 12:00:00+00:00,150.68910093789862,150.98541057533117,148.40729047908678,148.4420087999223,1870207.9060874633
2026-09-03 13:00:00+00:00,148.4420087999223,148.82515555322874,145.8500773193705,145.8549488501593,1233933.7141470183
2026-09-03 14:00:00+00:00,145.8549488501593,146.21049705842353,144.95537453104998,144.99089784019964,1710980.9125234499
2026-09-03 15:00:00+00:00,144.99089784019964,144.99880639147344,141.4013697853431,142.31966525579548,1296833.0002990232
2026-09-03 16:00:00+00:00,142.31966525579548,142.69897128247604,139.698855403303,140.35749649428854,1956283.3330342942
2026-09-03 17:00:00+00:00,140.35749649428854,141.0330460590453,139.06313694615372,139.92667863456575,1328352.944853725
2026-09-03 18:00:00+00:00,139.92667863456575,140.37558501418926,138.60283050187155,139.64081315390462,1526468.2095493067
2026-09-03 19:00:00+00:00,139.64081315390462,139.69638122439534,138.95904482949277,139.03055969443486,1614767.4586441542
2026-09-03 20:00:00+00:00,139.03055969443486,140.1504351753978,136.63480007741876,137.649382751814,1858678.5227340441
2026-09-03 21:00:00+00:00,137.649382751814,137.74112039489563,136.53936532184815,137.05811539836128,1817313.347537802
2026-09-03 22:00:00+00:00,137.05811539836128,137.64047299751866,135.81318230495825,135.83237370280656,1356455.8370673028
2026-09-03 23:00:00+00:00,135.83237370280656,136.2076167373557,134.0038762764118,134.57051244831828,1655990.4723646676
2026-09-04 00:00:00+00:00,134.57051244831828,135.43209784728862,134.53185420318226,135.19937385617777,1275980.5161395336
2026-09-04 01:00:00+00:00,135.19937385617777,136.08670659570876,134.73627359537937,135.6663649180241,1219326.137616935
2026-09-04 02:00:00+00:00,135.6663649180241,136.6627526484774,135.39296008090966,136.07767457837696,1148359.5000064448
2026-09-04 03:00:00+00:00,136.07767457837696,137.62693523462062,135.603543826051,136.4155862688483,1143404.9758518843
2026-09-04 04:00:00+00:00,136.4155862688483,137.3888107727982,135.85362749832453,136.13859521863301,1214668.1615771549
2026-09-04 05:00:00+00:00,136.13859521863301,137.3937361143515,135.66145495502687,135.7477618897961,1571333.0077121984
2026-09-04 06:00:00+00:00,135.7477618897961,136.16974151791152,134.89677929937164,135.7497670316956,1416679.150309866
2026-09-04 07:00:00+00:00,135.7497670316956,135.8346225442417,134.3344888088684,134.75672009338192,1282977.0512866343
2026-09-04 08:00:00+00:00,134.75672009338192,136.55584631733888,134.64174350354904,136.14633434488752,1368997.896960577
2026-09-04 09:00:00+00:00,136.14633434488752,137.0290898783185,134.96494272099795,136.85636526057903,1053904.6803082295
2026-09-04 10:00:00+00:00,136.85636526057903,137.30719632338975,136.5293067111705,136.71856366318838,1488151.2594011647
2026-09-04 11:00:00+00:00,136.71856366318838,137.09556714708273,136.08444563651406,136.7262351165524,1101268.1583756784
2026-09-04 12:00:00+00:00,136.7262351165524,136.9131808365877,135.6302452261491,136.51729730488566,1412639.0901583228
2026-09-04 13:00:00+00:00,136.51729730488566,139.03205691205957,136.38016307354582,138.4442883203159,1142524.025344615
2026-09-04 14:00:00+00:00,138.4442883203159,138.5206182609291,137.91657644488217,138.20095342200207,1583573.7405764174
2026-09-04 15:00:00+00:00,138.20095342200207,138.66614120804672,137.81259744391377,137.84636094723902,1339780.3540672667
2026-09-04 16:00:00+00:00,137.84636094723902,138.09583303324627,136.3872306285407,136.6583200012643,1332830.289333303
2026-09-04 17:00:00+00:00,136.6583200012643,136.72467500015458,135.87874681909443,136.5276220486053,1185881.3987755121
2026-09-04 18:00:00+00:00,136.5276220486053,136.77611517080408,133.93186419161833,134.78823366411595,1570344.8729555164
2026-09-04 19:00:00+00:00,134.78823366411595,135.38883924597002,133.60395548831906,133.97115365910375,1482613.992914081
2026-09-04 20:00:00+00:00,133.97115365910375,135.20635153338466,133.74441541823373,134.67662957576948,1220226.9450040273
2026-09-04 21:00:00+00:00,134.67662957576948,135.22908603945666,134.05971056970145,134.20534199282338,1080665.8031544099
2026-09-04 22:00:00+00:00,134.20534199282338,134.2080595937409,132.49193202296541,133.0,1558840.4757654544
2026-09-04 23:00:00+00:00,133.0,135.3049246067522,132.63643919874514,134.3306624324099,1590947.544724257
2026-09-05 00:00:00+00:00,134.3306624324099,138.3043510816726,134.30864545699376,137.54602307927146,2720885.5974851344
2026-09-05 01:00:00+00:00,137.54602307927146,139.64998628154285,137.02483863642465,139.09217600332508,3284582.8680174546
2026-09-05 02:00:00+00:00,139.09217600332508,141.05693947640953,138.5432747543363,140.8739602167314,3494806.663802455
2026-09-05 03:00:00+00:00,140.8739602167314,141.29164112933086,140.12531962515115,140.620325161936,3415786.7586245397
2026-09-05 04:00:00+00:00,140.620325161936,141.52112429105736,139.78920165635654,139.8472801468259,3795863.921254773
2026-09-05 05:00:00+00:00,139.8472801468259,139.89428813882685,139.7103766432291,139.8560663787519,3044165.552938038
2026-09-05 06:00:00+00:00,139.8560663787519,143.17480341259804,139.3161334537373,143.03586988547585,3229546.9148781183
2026-09-05 07:00:00+00:00,143.03586988547585,146.22553905007678,142.15066532430575,145.69024668750342,3502361.108071879
2026-09-05 08:00:00+00:00,145.69024668750342,146.51076669101786,145.58038948285198,146.30850052554842,3076623.715351393
2026-09-05 09:00:00+00:00,146.30850052554842,147.2884393947146,146.0583670113114,146.58837800150533,3153844.3844332555
2026-09-05 10:00:00+00:00,146.58837800150533,147.48923427182248,145.33855073236504,145.74226059996064,3438074.131190667
2026-09-05 11:00:00+00:00,145.74226059996064,148.94496330987675,145.09158815130237,148.75563949197905,3958519.027760505
2026-09-05 12:00:00+00:00,148.75563949197905,151.5808087664352,147.8869717674391,151.12901692462464,2624572.751535253
2026-09-05 13:00:00+00:00,151.12901692462464,154.5190733830207,150.64845866607408,153.4685714588395,3199710.1924912874
2026-09-05 14:00:00+00:00,153.4685714588395,154.8242180599289,153.0834142065518,154.60511141161544,2935411.4844313725
2026-09-05 15:00:00+00:00,154.60511141161544,155.0385650449263,152.2006754767943,152.84522209173593,3882738.113573451
2026-09-05 16:00:00+00:00,152.84522209173593,153.36913761035908,151.7178728558701,152.0615908137907,3280000.811497392
2026-09-05 17:00:00+00:00,152.0615908137907,153.2176876823788,151.6318488363384,152.9482138775467,3335959.067652001
2026-09-05 18:00:00+00:00,152.9482138775467,153.35245040645,149.42994582522815,151.23522363532433,3537944.117876014
2026-09-05 19:00:00+00:00,151.23522363532433,151.40489695539742,150.43688609360797,150.68958667904414,3344646.833757915
2026-09-05 20:00:00+00:00,150.68958667904414,152.05410888139178,150.47753355481697,151.05410215097243,3253817.4425206236
2026-09-05 21:00:00+00:00,151.05410215097243,153.9730367556816,150.86491197694963,153.8364427372928,3953852.812622742
2026-09-05 22:00:00+00:00,153.8364427372928,156.21949432863713,153.3430097849518,155.9514020833863,3898849.7557085375
2026-09-05 23:00:00+00:00,155.9514020833863,158.41544331109372,155.08819252400156,157.93290793196266,3776273.669478908
2026-09-06 00:00:00+00:00,157.93290793196266,160.7536651774301,157.91130164055497,160.17230122451156,3954821.290990166
2026-09-06 01:00:00+00:00,160.17230122451156,161.26475422414913,159.53473827441428,160.573033476514,2772810.922448751
2026-09-06 02:00:00+00:00,160.573033476514,161.81526132375322,159.75562860250355,161.13470384622406,3876266.8287079786
2026-09-06 03:00:00+00:00,161.13470384622406,163.4820956801189,160.99957159035205,162.55311291924963,3338301.526541458
2026-09-06 04:00:00+00:00,162.55311291924963,163.46872964030578,162.21286823985838,163.45815907014494,2563054.1539538065
2026-09-06 05:00:00+00:00,163.45815907014494,168.639625115484,162.73769330999937,167.5198894597178,2798498.9524165387
2026-09-06 06:00:00+00:00,167.5198894597178,171.11394008819073,167.07892369199195,170.34657240086958,2514576.7954587527
2026-09-06 07:00:00+00:00,170.34657240086958,172.02858065880173,169.84801173323925,171.9911934643723,3503761.716336196
2026-09-06 08:00:00+00:00,171.9911934643723,172.84390761834692,171.56375187083665,171.791142744665,2929823.3223456796
2026-09-06 09:00:00+00:00,171.791142744665,174.766722905893,171.52867197650585,174.15821215085225,3327402.348547352
2026-09-06 10:00:00+00:00,174.15821215085225,174.30985514646963,173.44165629142302,173.79031724391103,3775304.9930439303
2026-09-06 11:00:00+00:00,173.79031724391103,174.4502927725471,172.31291242654967,172.54439774187873,2901390.7820175965
2026-09-06 12:00:00+00:00,172.54439774187873,174.40223200595776,172.5366446047893,173.5237422436922,3334554.67025039
2026-09-06 13:00:00+00:00,173.5237422436922,176.9236596403522,173.38045193537806,176.31462646091444,3350783.7315086713
2026-09-06 14:00:00+00:00,176.31462646091444,178.0070914202948,176.1862594706246,177.88848897317743,3878973.839884539
2026-09-06 15:00:00+00:00,177.88848897317743,178.3009960556247,177.12329427137925,178.01091421407892,3138331.2103422903
2026-09-06 16:00:00+00:00,178.01091421407892,183.0255662874795,177.5011364905024,182.26083048656875,3389172.1318096044
2026-09-06 17:00:00+00:00,182.26083048656875,184.58529651580793,180.99362538413968,184.00576110276592,2942842.1586020575
2026-09-06 18:00:00+00:00,184.00576110276592,184.1332424488806,183.70737840638816,183.88361741663545,3332227.834456094
2026-09-06 19:00:00+00:00,183.88361741663545,188.67428905327,183.65245566335471,187.8924387227926,3518202.1878912197
2026-09-06 20:00:00+00:00,187.8924387227926,190.8103855476569,187.81215664646066,190.18390135923934,3995607.7128671315
2026-09-06 21:00:00+00:00,190.18390135923934,193.7201833586525,190.18061279714578,192.36714071319497,3310136.117628024
2026-09-06 22:00:00+00:00,192.36714071319497,193.97548948969907,191.9431251644354,193.5665468454973,3580120.694896185
2026-09-06 23:00:00+00:00,193.5665468454973,193.75128228173574,192.4743700699437,192.81058892045934,2625823.6476180004
2026-09-07 00:00:00+00:00,192.81058892045934,195.80003233476708,192.19157316094254,195.1698014162284,3826339.9010220096
2026-09-07 01:00:00+00:00,195.1698014162284,199.32266950489702,194.55985046315328,198.06679548467457,3076333.889615338
2026-09-07 02:00:00+00:00,198.06679548467457,200.21471007946732,197.07775086271047,199.15127811202143,3976154.977788731
2026-09-07 03:00:00+00:00,199.15127811202143,202.93435748300902,198.60240592495563,202.79895998062062,3759415.187964145
2026-09-07 04:00:00+00:00,202.79895998062062,204.15195395032774,200.44797873319817,200.56228475695474,3108052.1490237773
2026-09-07 05:00:00+00:00,200.56228475695474,203.60023777076606,200.3019092006722,202.86418550140186,3788933.2709189104
2026-09-07 06:00:00+00:00,202.86418550140186,205.32401092954507,202.69383616087345,204.1155176837528,3520119.798261916
2026-09-07 07:00:00+00:00,204.1155176837528,211.16713637473703,203.65153415752312,210.83833229231678,3879033.48185636
2026-09-07 08:00:00+00:00,210.83833229231678,214.95314188593363,209.33018973853754,214.73307078063274,3503941.258897181
2026-09-07 09:00:00+00:00,214.73307078063274,215.99382963244582,214.22073155463997,215.7638452893791,2786420.5904935882
2026-09-07 10:00:00+00:00,215.7638452893791,217.29922951219902,215.51235430283873,216.95522665014607,3232379.6277882364
2026-09-07 11:00:00+00:00,216.95522665014607,218.25382599097898,216.42557438508757,218.02550335198748,3288199.327949669
2026-09-07 12:00:00+00:00,218.02550335198748,223.30961341604552,217.8801407938246,221.2261804320238,3664680.8072667937
2026-09-07 13:00:00+00:00,221.2261804320238,222.65777014909193,220.77792138149218,222.32522099387464,2636537.377356414
2026-09-07 14:00:00+00:00,222.32522099387464,226.2027878485901,220.94390662716268,226.095906900175,3956740.64124598
2026-09-07 15:00:00+00:00,226.095906900175,227.18171201176654,225.35424771385271,226.92910424240844,2942952.35348971
2026-09-07 16:00:00+00:00,226.92910424240844,229.65116892639267,226.3695460980483,229.43632331612494,3673274.045534219
2026-09-07 17:00:00+00:00,229.43632331612494,230.57233987016977,229.3970843109215,230.32321680696697,3475439.076835679
2026-09-07 18:00:00+00:00,230.32321680696697,231.56398653794744,227.36845424066303,228.6060390647961,2766895.2909204396
2026-09-07 19:00:00+00:00,228.6060390647961,237.0029779176086,228.1489246528921,236.26541445056475,3573684.0113746864
2026-09-07 20:00:00+00:00,236.26541445056475,242.41822130540038,235.404334880996,241.85211735941166,2927928.3696224336
2026-09-07 21:00:00+00:00,241.85211735941166,244.7576128489062,241.81046660030393,243.0721249184071,3915327.2494795676
2026-09-07 22:00:00+00:00,243.0721249184071,253.13518909357444,241.8225309942758,251.95886809907768,3435681.377284923
2026-09-07 23:00:00+00:00,251.95886809907768,252.11495320309905,249.3432362553618,249.88828870550245,3589426.3912635315
2026-09-08 00:00:00+00:00,249.88828870550245,250.79947479218293,249.52319868554366,249.7633706870622,1110634.5726394742
2026-09-08 01:00:00+00:00,249.7633706870622,249.87273060711237,249.19220613073912,249.74296251042048,1417367.9071669262
2026-09-08 02:00:00+00:00,249.74296251042048,251.05165897793302,248.95926422265708,249.72711402502685,989744.6969106424
2026-09-08 03:00:00+00:00,249.72711402502685,253.71829780670646,248.4076737497153,252.29277309639826,1243336.009104297
2026-09-08 04:00:00+00:00,252.29277309639826,252.5251255770102,251.18885967468216,251.7776508123531,1400344.2222209233
2026-09-08 05:00:00+00:00,251.7776508123531,252.93581990965887,251.6673432667072,252.3300207685777,1207244.7934493504
2026-09-08 06:00:00+00:00,252.3300207685777,252.4955863165724,248.69591868172554,249.35076511869707,1360714.552583798
2026-09-08 07:00:00+00:00,249.35076511869707,249.80140983540787,245.92513254191067,247.81079237561042,913104.2463980182
2026-09-08 08:00:00+00:00,247.81079237561042,248.0453071185722,244.45132574647238,244.92822316507792,1419450.5821994813
2026-09-08 09:00:00+00:00,244.92822316507792,246.22849806708987,240.96106798355402,241.57407169172146,1238166.739454536
2026-09-08 10:00:00+00:00,241.57407169172146,242.17526964226147,240.89576619778072,241.41096758650392,1162530.7381953783
2026-09-08 11:00:00+00:00,241.41096758650392,242.9477766860184,240.15193967131364,242.57880617699436,1323535.3207152796
2026-09-08 12:00:00+00:00,242.57880617699436,242.82554653411387,240.70263471658632,241.65830452543491,1304052.5120962476
2026-09-08 13:00:00+00:00,241.65830452543491,242.19826652887497,241.4569015857128,241.52845371359786,1007277.3515866187
2026-09-08 14:00:00+00:00,241.52845371359786,243.14343325879418,240.11324092719448,243.03467902561076,1201946.174181245
2026-09-08 15:00:00+00:00,243.03467902561076,243.940901793429,242.58892188026462,243.17199789540777,968721.2985986886
2026-09-08 16:00:00+00:00,243.17199789540777,243.27340290976343,241.09911976721713,242.3947128730118,1204682.2004234826
2026-09-08 17:00:00+00:00,242.3947128730118,243.28638503363294,238.90080843470977,240.60134647568796,1375947.7180232285
2026-09-08 18:00:00+00:00,240.60134647568796,241.7288463649316,238.38828815346903,238.54237404960938,1254071.9590946115
2026-09-08 19:00:00+00:00,238.54237404960938,238.70085436576363,236.61706904191198,237.05182576084937,1239347.348765572
2026-09-08 20:00:00+00:00,237.05182576084937,238.32436269242146,236.23206246405786,237.75662043018988,1046203.4059322019
2026-09-08 21:00:00+00:00,237.75662043018988,239.91533453007247,235.70112112847434,237.85980716603484,1415319.5951680224
2026-09-08 22:00:00+00:00,237.85980716603484,238.1661911968936,236.6551278588765,236.88110771518595,1310751.359464064
2026-09-08 23:00:00+00:00,236.88110771518595,243.94158435463072,235.67341184764814,242.22966047315364,1285764.4950197896
2026-09-09 00:00:00+00:00,242.22966047315364,243.82041474540463,241.42410867698703,241.57874626559837,1089851.4308652566
2026-09-09 01:00:00+00:00,241.57874626559837,243.31486212781957,240.78987439840435,241.86183182753126,1214410.9622049627
2026-09-09 02:00:00+00:00,241.86183182753126,243.22248575147424,241.54032370765597,242.32870330731504,1277321.9905923
2026-09-09 03:00:00+00:00,242.32870330731504,242.98267636502874,242.04417518063013,242.13416623786318,904311.933938497
2026-09-09 04:00:00+00:00,242.13416623786318,243.37925278229957,241.83817117233656,242.35463887916345,1469058.5580210711
2026-09-09 05:00:00+00:00,242.35463887916345,243.00321623116963,239.2508202387752,240.03737526417177,1250151.0886854886
2026-09-09 06:00:00+00:00,240.03737526417177,241.77592613547023,239.37974035106586,240.9414617813871,1001547.9806691805
2026-09-09 07:00:00+00:00,240.9414617813871,243.04355391170577,240.9066397729904,241.00143870522842,1123118.3686500613
2026-09-09 08:00:00+00:00,241.00143870522842,241.37300681901604,238.25235567779885,240.6301274775387,1446987.5501743928
2026-09-09 09:00:00+00:00,240.6301274775387,242.57953022841133,239.30339342808,242.50253489928426,1481290.4462746528
2026-09-09 10:00:00+00:00,242.50253489928426,243.30766618835906,240.1050995606295,240.89063145743302,823015.8079667543
2026-09-09 11:00:00+00:00,240.89063145743302,241.2691123149174,239.91584845387342,240.0003922060242,1078584.5701442293
2026-09-09 12:00:00+00:00,240.0003922060242,240.79814823667272,239.85070697940537,240.18758169810224,828297.7220836547
2026-09-09 13:00:00+00:00,240.18758169810224,241.24982563344363,238.5691504409481,240.46333453414172,1418506.490505953
2026-09-09 14:00:00+00:00,240.46333453414172,240.6323249197391,238.62666689001338,239.7646208257122,927102.5271179387
2026-09-09 15:00:00+00:00,239.7646208257122,239.99431866991708,235.4193249534555,236.6038311305137,1315766.8284835196
2026-09-09 16:00:00+00:00,236.6038311305137,237.1948858060309,235.41873244066196,236.74598806777902,1134783.7423735964
2026-09-09 17:00:00+00:00,236.74598806777902,238.09450704808717,235.85496158715384,236.05178192559126,1480054.6336537204
2026-09-09 18:00:00+00:00,236.05178192559126,236.35364266936676,234.39381748348794,235.59576721494867,956170.2542370611
2026-09-09 19:00:00+00:00,235.59576721494867,236.50770244662206,234.04967256358645,234.60187889841902,1029880.0357037971
2026-09-09 20:00:00+00:00,234.60187889841902,235.17268965886828,231.54775616870242,232.1423850943307,951734.5165333495
2026-09-09 21:00:00+00:00,232.1423850943307,232.8820600794953,231.5740246851237,232.40434324210935,1166526.3021393307
2026-09-09 22:00:00+00:00,232.40434324210935,233.66108227494271,231.36271549898072,231.43123779196196,1087961.1679838763
2026-09-09 23:00:00+00:00,231.43123779196196,231.53888536179065,228.35215389842804,229.32532752885712,1241414.252167
2026-09-10 00:00:00+00:00,229.32532752885712,231.62830497977703,228.05083415392565,230.44554303059678,1212822.3995823374
2026-09-10 01:00:00+00:00,230.44554303059678,232.22777043326678,229.8699433294767,232.14836790054815,1160307.1032669982
2026-09-10 02:00:00+00:00,232.14836790054815,232.61902733059333,231.67979322088507,232.09255707512105,869130.1255497757
2026-09-10 03:00:00+00:00,232.09255707512105,232.60165576197267,229.43842421301554,231.11975998413448,1166111.115840794
2026-09-10 04:00:00+00:00,231.11975998413448,231.50451895881096,228.89957265154683,229.61710244900192,1151809.101319067
2026-09-10 05:00:00+00:00,229.61710244900192,231.43998351021838,228.6420609210999,230.11419836388777,936809.0320102916
2026-09-10 06:00:00+00:00,230.11419836388777,232.15088755102443,229.62506605863422,231.7030528405499,1426024.5835624
2026-09-10 07:00:00+00:00,231.7030528405499,232.19158441283412,230.08236285706067,231.13116152309476,1462410.6855423725
2026-09-10 08:00:00+00:00,231.13116152309476,232.10714736740448,230.14729508161386,231.08398600943198,1189854.2445209501
2026-09-10 09:00:00+00:00,231.08398600943198,232.02577972952258,231.01405504359954,232.00077479130877,858930.2693783273
2026-09-10 10:00:00+00:00,232.00077479130877,233.76138481936997,231.41983841189483,232.82704482680992,878063.0833375781
2026-09-10 11:00:00+00:00,232.82704482680992,233.7447782517344,230.90467896572997,230.97665443032105,1401349.8894892817
2026-09-10 12:00:00+00:00,230.97665443032105,232.87493528367182,229.8410558132201,231.50201106813734,1246343.643998582
2026-09-10 13:00:00+00:00,231.50201106813734,233.59261641500996,230.3044076065767,232.95309972389225,1018961.4360525396
2026-09-10 14:00:00+00:00,232.95309972389225,233.24056940323672,230.69527422656574,230.99238165125425,842606.5648768024
2026-09-10 15:00:00+00:00,230.99238165125425,231.91606434902337,230.4227442259558,231.00365613345085,1293676.2162252995
2026-09-10 16:00:00+00:00,231.00365613345085,233.48339298025434,228.9186228359969,232.11526186668138,1266590.0865857068
2026-09-10 17:00:00+00:00,232.11526186668138,234.56516832288213,231.54898764674482,233.58184616207404,1250153.6727023474
2026-09-10 18:00:00+00:00,233.58184616207404,235.3198987234778,233.48744008572905,233.87014088503904,1197000.5838271377
2026-09-10 19:00:00+00:00,233.87014088503904,235.23912115476926,233.10991009120042,234.36690914107348,1206584.26533895
2026-09-10 20:00:00+00:00,234.36690914107348,235.00235953386522,234.10722570151825,234.70262893406093,1188415.133821198
2026-09-10 21:00:00+00:00,234.70262893406093,235.1821289226612,233.73286667329168,234.96763060986783,1035606.2656402146
2026-09-10 22:00:00+00:00,234.96763060986783,235.51246341953257,234.89007937699998,234.90335204998624,1365711.0325262437
2026-09-10 23:00:00+00:00,234.90335204998624,235.1093179048681,233.57856509074796,234.35884455766856,1349820.8298235838
2026-09-11 00:00:00+00:00,234.35884455766856,235.33803564952495,233.17676242724184,233.99541499398902,941732.4214790115
2026-09-11 01:00:00+00:00,233.99541499398902,235.50865204698366,233.17088302715703,235.1404258091225,1170860.0048589522
2026-09-11 02:00:00+00:00,235.1404258091225,236.38073471167348,231.72981197253785,233.46633138445787,1011665.6106185889
2026-09-11 03:00:00+00:00,233.46633138445787,234.60377381253292,232.3973029019318,232.89716444053514,958152.8655574092
2026-09-11 04:00:00+00:00,232.89716444053514,233.16383282121126,231.13900920910308,231.8405807082033,907928.0737651662
2026-09-11 05:00:00+00:00,231.8405807082033,234.51696349318752,231.35993987242276,233.73915602164018,1323221.350629031
2026-09-11 06:00:00+00:00,233.73915602164018,234.43028446898748,233.41141497031907,233.96448024786753,1459331.7963233269
2026-09-11 07:00:00+00:00,233.96448024786753,234.06577580465864,232.0955942512822,233.4953339852195,1371852.1232161955
2026-09-11 08:00:00+00:00,233.4953339852195,233.88363964453234,230.9732879978208,233.26738805860873,1369082.2736462783
2026-09-11 09:00:00+00:00,233.26738805860873,236.06124774132581,232.5869063405175,235.44004287131534,1087752.121836997
2026-09-11 10:00:00+00:00,235.44004287131534,235.52056675254275,234.36206433951915,235.1828809756119,999204.2000099072
2026-09-11 11:00:00+00:00,235.1828809756119,235.44168570064286,232.09220384439104,234.05813018899906,1462845.8559108428
2026-09-11 12:00:00+00:00,234.05813018899906,234.76346340511475,233.86672388797774,234.14121110358047,1468184.658506991
2026-09-11 13:00:00+00:00,234.14121110358047,235.19453285060166,230.92388696835937,232.09255638120663,1180590.505422858
2026-09-11 14:00:00+00:00,232.09255638120663,232.67747149451677,230.44090290162478,231.61647388087354,1488728.8461701504
2026-09-11 15:00:00+00:00,231.61647388087354,233.68480817828004,230.43555832684666,232.20300539563246,1209326.6998415096
2026-09-11 16:00:00+00:00,232.20300539563246,232.5194513529358,229.68838871356692,229.98254796775404,1077515.589530529
2026-09-11 17:00:00+00:00,229.98254796775404,232.18528390463368,229.83589162227352,231.40836400404882,869961.0701756871
2026-09-11 18:00:00+00:00,231.40836400404882,232.9218784022374,230.45380403138526,232.5093100186144,925871.9873493518
2026-09-11 19:00:00+00:00,232.5093100186144,236.1326960921994,232.3192607313108,233.6742714126548,912542.2795239496
2026-09-11 20:00:00+00:00,233.6742714126548,236.39518278292465,233.0259766403332,235.86420847876568,1112339.0451612014
2026-09-11 21:00:00+00:00,235.86420847876568,236.8716058788955,234.64976111637108,235.17885843964424,1237170.9515426427
2026-09-11 22:00:00+00:00,235.17885843964424,235.75946703588826,234.9564488823028,235.06146530807206,1342723.972602205
2026-09-11 23:00:00+00:00,235.06146530807206,235.32392030014512,234.90276567954288,235.01745977918569,879904.6740000978
2026-09-12 00:00:00+00:00,235.01745977918569,235.51787198143364,234.1830479681081,234.9492667510938,1241545.0519039833
2026-09-12 01:00:00+00:00,234.9492667510938,237.53064210722604,234.46890645369743,236.4892277862398,1498957.591513016
2026-09-12 02:00:00+00:00,236.4892277862398,236.60397437949607,233.50060144471266,234.23324420230588,1365551.5526644133
2026-09-12 03:00:00+00:00,234.23324420230588,235.60186987319705,233.29944766965278,233.9408953846544,1036625.6194261609
2026-09-12 04:00:00+00:00,233.9408953846544,236.61926355605908,233.7130670106487,235.36523932603458,1194250.042839997
2026-09-12 05:00:00+00:00,235.36523932603458,237.09921298392118,233.0857187080025,234.55319193501225,1199040.1458704239
2026-09-12 06:00:00+00:00,234.55319193501225,235.3078401444852,233.5489137635772,235.08365809468037,987841.4221799736
2026-09-12 07:00:00+00:00,235.08365809468037,236.5341438587045,233.04403603801518,234.59958429339838,1071755.759183535
2026-09-12 08:00:00+00:00,234.59958429339838,236.0528798572405,234.47905480915085,235.16574281440313,1418762.1737149053
2026-09-12 09:00:00+00:00,235.16574281440313,236.88903614551427,234.62478923362738,236.04045687084098,1196510.1585095113
2026-09-12 10:00:00+00:00,236.04045687084098,240.28427276346346,233.62090448419727,238.93823776754633,801682.8818752377
2026-09-12 11:00:00+00:00,238.93823776754633,242.7317565324776,238.23598220869127,240.93161754217718,1239904.8747176132
2026-09-12 12:00:00+00:00,240.93161754217718,243.48742556006638,240.87531578006767,242.37608904371493,947369.8545889521
2026-09-12 13:00:00+00:00,242.37608904371493,242.43742554048575,240.91169659273862,241.26754092261228,1189487.351448238
2026-09-12 14:00:00+00:00,241.26754092261228,242.068969977912,240.26364517327445,240.54239945663488,1326230.324131278
2026-09-12 15:00:00+00:00,240.54239945663488,244.87252888710904,239.97866858447472,243.7464856290327,971324.5833316653
2026-09-12 16:00:00+00:00,243.7464856290327,244.24024002514003,240.85597058538244,241.82593494812429,972132.1471929107
2026-09-12 17:00:00+00:00,241.82593494812429,242.55767823678448,239.9297767378976,240.292953648087,1174314.7277580001
2026-09-12 18:00:00+00:00,240.292953648087,240.71009644943018,239.34387609021536,239.745311966529,1192058.4984198632
2026-09-12 19:00:00+00:00,239.745311966529,241.21787418940485,239.12033624098834,241.04211008310236,1316008.7442158624
2026-09-12 20:00:00+00:00,241.04211008310236,243.48127427695948,239.8031909412848,242.45806519260765,1030775.6053621921
2026-09-12 21:00:00+00:00,242.45806519260765,242.62511915458188,239.8926865354133,240.7456767305447,1366427.334591542
2026-09-12 22:00:00+00:00,240.7456767305447,240.7966798600245,238.41942543789133,239.11552663212083,957883.3375364747
2026-09-12 23:00:00+00:00,239.11552663212083,239.9026290264314,239.088090891722,239.86754668115898,1463542.3296447638
2026-09-13 00:00:00+00:00,239.86754668115898,241.08814378235587,234.81709084708316,237.17616264826478,1376876.3035961252
2026-09-13 01:00:00+00:00,237.17616264826478,238.62336174807527,235.46165211057126,236.2745966239732,1052880.0088113118
2026-09-13 02:00:00+00:00,236.2745966239732,237.58476515498387,234.5683257298661,235.55397469176467,1449931.83917427
2026-09-13 03:00:00+00:00,235.55397469176467,237.9024427003506,234.98067320705005,237.3533397847318,919419.7637275895
2026-09-13 04:00:00+00:00,237.3533397847318,238.92724917552468,235.85817420545797,238.6681455017617,1249570.7106570282
2026-09-13 05:00:00+00:00,238.6681455017617,240.83706971917942,238.60325372397185,239.57895012491355,1167121.785256263
2026-09-13 06:00:00+00:00,239.57895012491355,241.273621421839,238.8950694976111,240.55932638190927,1155449.8493551032
2026-09-13 07:00:00+00:00,240.55932638190927,240.99009420543834,237.5810965614915,238.41432963123702,1443658.4858056412
2026-09-13 08:00:00+00:00,238.41432963123702,240.4524994752996,237.76981898660173,240.36057069187348,1052230.3705714818
2026-09-13 09:00:00+00:00,240.36057069187348,242.9811783680124,239.97784912843633,242.05874340439397,1119453.4057502423
2026-09-13 10:00:00+00:00,242.05874340439397,243.3534366380385,239.40912361963444,240.50419672887622,835892.2392374139
2026-09-13 11:00:00+00:00,240.50419672887622,243.89728949237625,239.83140100080266,241.79449436436917,1426786.8931491096
2026-09-13 12:00:00+00:00,241.79449436436917,243.0829848119351,241.66529689665646,242.82341610530466,1275179.1166181993
2026-09-13 13:00:00+00:00,242.82341610530466,244.29428757406538,242.37126324446345,244.0594812238923,1158783.2218312824
2026-09-13 14:00:00+00:00,244.0594812238923,244.73154212776345,243.81923818000942,244.02229376222073,1339135.540388883
2026-09-13 15:00:00+00:00,244.02229376222073,246.60583676712352,243.82785331927252,245.4719088226676,1292743.364386647
2026-09-13 16:00:00+00:00,245.4719088226676,247.87115379854725,244.05345773053813,247.0676274190757,1065339.6057164378
2026-09-13 17:00:00+00:00,247.0676274190757,247.26481079053983,246.03797575011134,246.20947848040717,1418547.1040885358
2026-09-13 18:00:00+00:00,246.20947848040717,246.4833524488697,243.01026172826553,243.7989480766601,809079.4475836103
2026-09-13 19:00:00+00:00,243.7989480766601,245.11474210120235,243.0721621078321,243.4709235580547,1315460.0615697482
2026-09-13 20:00:00+00:00,243.4709235580547,247.31024552674842,243.23113318272948,246.14304538967642,835255.576322566
2026-09-13 21:00:00+00:00,246.14304538967642,246.85944089574807,243.3064567841144,243.66080924212218,818132.2360681813
2026-09-13 22:00:00+00:00,243.66080924212218,245.74133080275254,243.0852125623035,243.97892447681812,1325522.9631741801
2026-09-13 23:00:00+00:00,243.97892447681812,245.3037018116564,242.0114285717711,242.06081342301988,1317702.2278654617
2026-09-14 00:00:00+00:00,242.06081342301988,243.28395134851894,239.65825855685463,240.22084208257198,1124111.6223004584
2026-09-14 01:00:00+00:00,240.22084208257198,240.55185910475873,237.92398134590204,239.252575236366,1344289.7034007327
2026-09-14 02:00:00+00:00,239.252575236366,239.76529826893528,235.9955823953062,237.52822043041346,1486153.8217024326
2026-09-14 03:00:00+00:00,237.52822043041346,237.56331236292635,236.47380526615146,236.95970572928343,1120673.2752510787
2026-09-14 04:00:00+00:00,236.95970572928343,237.55079512996414,235.8180040588002,235.90683356864358,1276999.2994320884
2026-09-14 05:00:00+00:00,235.90683356864358,238.1590238787109,235.18480177470218,237.58817568991626,1135878.7500432853
2026-09-14 06:00:00+00:00,237.58817568991626,238.96188342550803,237.2403451820294,238.50589481352614,940594.3370812393
2026-09-14 07:00:00+00:00,238.50589481352614,238.78866378635783,235.2765365537148,236.8702916158141,833911.1554961101
2026-09-14 08:00:00+00:00,236.8702916158141,236.89846184638125,234.1925239084913,235.5171410743658,1083893.0822306066
2026-09-14 09:00:00+00:00,235.5171410743658,237.25404696892073,235.12789733224577,236.95894740057602,1090138.4240003019
2026-09-14 10:00:00+00:00,236.95894740057602,237.97817667622934,235.80006095878224,235.93386365790383,938646.4125485743
2026-09-14 11:00:00+00:00,235.93386365790383,236.65415647392058,235.16878734426038,235.69608890816988,1185699.8654719698
2026-09-14 12:00:00+00:00,235.69608890816988,236.3420902697978,234.18734624744002,235.63838973715286,946840.4297539104
2026-09-14 13:00:00+00:00,235.63838973715286,236.7710789195007,234.4192895509308,236.45328033429033,1128428.6744282686
2026-09-14 14:00:00+00:00,236.45328033429033,237.2435181783453,236.0434942062673,237.15006577840913,1401285.8274192025
2026-09-14 15:00:00+00:00,237.15006577840913,237.1789356266135,234.97501135372895,235.40349673340006,1119298.0032988188
2026-09-14 16:00:00+00:00,235.40349673340006,235.80094158545458,232.81488874841676,232.84295742999183,1341672.2357854121
2026-09-14 17:00:00+00:00,232.84295742999183,234.03241865036847,230.83883832710546,231.35397294900568,1492529.976303896
2026-09-14 18:00:00+00:00,231.35397294900568,233.58605093217614,231.14627772171895,233.4274219283428,1141653.324506101
2026-09-14 19:00:00+00:00,233.4274219283428,233.9874778309689,232.06402437733726,233.62053668639524,1018730.3366123189
2026-09-14 20:00:00+00:00,233.62053668639524,234.37431499157756,232.6874200742978,233.68041617942185,1262155.2325834907
2026-09-14 21:00:00+00:00,233.68041617942185,233.7091597042634,232.72362392983075,232.90353731034057,899346.7567840473
2026-09-14 22:00:00+00:00,232.90353731034057,235.48690329950276,232.39198590850947,232.86987111316995,1214527.1549370016
2026-09-14 23:00:00+00:00,232.86987111316995,235.39200057896153,232.68314353359386,234.6903660158139,863230.9505006267
2026-09-15 00:00:00+00:00,234.6903660158139,236.9684970928353,234.55111612174537,235.87491666441707,827361.7381899739
2026-09-15 01:00:00+00:00,235.87491666441707,236.8058253357479,234.85343049952928,236.3146140386393,1267707.6491552528
2026-09-15 02:00:00+00:00,236.3146140386393,237.49920393587144,235.4511997332344,237.04487693008116,923049.2533652238
2026-09-15 03:00:00+00:00,237.04487693008116,239.56621127231895,234.41384246054835,235.43747636503338,1432432.36909892
2026-09-15 04:00:00+00:00,235.43747636503338,236.3863881169247,233.84837539479255,236.31871124268355,1025898.3613358539
2026-09-15 05:00:00+00:00,236.31871124268355,238.4467717073509,236.02762236633913,238.32813077099271,1384495.5877261024
2026-09-15 06:00:00+00:00,238.32813077099271,238.75078886638522,236.85991357744751,238.64534196135992,1322300.823631709
2026-09-15 07:00:00+00:00,238.64534196135992,239.08217582048837,237.6573721819335,238.1444761982845,925941.4971667865
2026-09-15 08:00:00+00:00,238.1444761982845,239.32973100927813,236.57084480212305,238.8551967508343,1325559.8827700112
2026-09-15 09:00:00+00:00,238.8551967508343,239.1587063767258,237.22143184295376,237.45344251808288,839886.5861347645
2026-09-15 10:00:00+00:00,237.45344251808288,240.17214970318778,236.84124193167145,240.0410524348814,1266231.6571385532
2026-09-15 11:00:00+00:00,240.0410524348814,241.50068050996074,236.95492363948503,239.01731239056105,1290331.1032008287
2026-09-15 12:00:00+00:00,239.01731239056105,241.75059724550093,238.99832544312565,240.788569739791,1421859.8599889923
2026-09-15 13:00:00+00:00,240.788569739791,241.43538800150208,239.56000061757354,240.85506581809244,1172103.8379135656
2026-09-15 14:00:00+00:00,240.85506581809244,242.51366477878204,238.54465914577497,242.41737354260437,850533.8941550695
2026-09-15 15:00:00+00:00,242.41737354260437,242.8427168888759,241.901376531025,242.3870660567909,1497050.0469832078
2026-09-15 16:00:00+00:00,242.3870660567909,243.29276172582658,241.3507276732406,242.31589594203467,1041245.706708
2026-09-15 17:00:00+00:00,242.31589594203467,243.5448764338883,241.80390685403947,242.64886380469758,1309970.039115723
2026-09-15 18:00:00+00:00,242.64886380469758,243.79475154137646,241.58665871027267,241.63036031358752,1022398.2775434391
2026-09-15 19:00:00+00:00,241.63036031358752,241.90294456434657,239.32509652763218,240.97235327977913,985265.7508945167
2026-09-15 20:00:00+00:00,240.97235327977913,240.9871318350594,240.12191728783893,240.21408242862282,874765.2548212592
2026-09-15 21:00:00+00:00,240.21408242862282,241.2599653111539,240.09045717760478,240.29248773864794,1393247.0267569355
2026-09-15 22:00:00+00:00,240.29248773864794,240.6419672812704,239.93542378330443,240.09082849349554,1019553.4765937497
2026-09-15 23:00:00+00:00,240.09082849349554,243.10715099392002,240.06461816135126,241.84731690738363,1021585.4609421582
2026-09-16 00:00:00+00:00,241.84731690738363,242.96254583316855,240.19854931320572,240.4136044083224,914044.4491129885
2026-09-16 01:00:00+00:00,240.4136044083224,240.70582323021713,239.82796900977507,239.95389315310007,1059564.0424793465
2026-09-16 02:00:00+00:00,239.95389315310007,240.10340272618194,238.45894564921858,239.09205203316662,1012442.6047565773
2026-09-16 03:00:00+00:00,239.09205203316662,241.34806885232308,238.9408465741958,239.16466766517328,1490171.3864207289
2026-09-16 04:00:00+00:00,239.16466766517328,241.42798491059472,238.8350094357983,240.96158861141487,1463780.6798843746
2026-09-16 05:00:00+00:00,240.96158861141487,241.624462912392,239.27256344180552,240.16137200233615,954643.700734214
2026-09-16 06:00:00+00:00,240.16137200233615,241.08663827026322,240.04150336669235,240.8121801994068,1347791.9078773719
2026-09-16 07:00:00+00:00,240.8121801994068,241.26495629961872,239.8370074852074,241.05462300836817,1163716.079736782
2026-09-16 08:00:00+00:00,241.05462300836817,241.4644422183376,237.6940699991856,240.03246204821343,1298726.5043527372
2026-09-16 09:00:00+00:00,240.03246204821343,241.74563092658732,239.4584477509203,240.06616242678584,1058670.830394186
2026-09-16 10:00:00+00:00,240.06616242678584,242.0016720129612,239.7779146215122,240.86152828299367,1310538.3313461023
2026-09-16 11:00:00+00:00,240.86152828299367,240.91709275598484,240.20536907873736,240.75142112502803,1447332.598863308
2026-09-16 12:00:00+00:00,240.75142112502803,243.5497501921823,240.66465595451774,241.44912553244475,1398982.038231224
2026-09-16 13:00:00+00:00,241.44912553244475,242.88332979259482,238.96941028232104,240.39651236881338,1173262.3942553352
2026-09-16 14:00:00+00:00,240.39651236881338,242.09330348719934,240.3524997894608,240.66158279231777,1192631.5898448138
2026-09-16 15:00:00+00:00,240.66158279231777,241.02768987726526,240.11613858474217,240.90930577747216,1276559.7975760065
2026-09-16 16:00:00+00:00,240.90930577747216,241.56608032740638,239.09330225407555,239.7436439137182,979832.3177877843
2026-09-16 17:00:00+00:00,239.7436439137182,240.77437944642634,237.94754902377736,239.16191282200143,1058008.284873507
2026-09-16 18:00:00+00:00,239.16191282200143,241.70869882643782,238.7700816543653,240.5263275129214,962007.5241661855
2026-09-16 19:00:00+00:00,240.5263275129214,241.11447527966124,240.12064612856364,240.34749197615164,995937.4279020274
2026-09-16 20:00:00+00:00,240.34749197615164,241.04801847236072,239.35782514790415,240.76572788870806,898030.103431523
2026-09-16 21:00:00+00:00,240.76572788870806,241.92841039991762,240.4025533192954,241.42588172290667,1485139.1607467202
2026-09-16 22:00:00+00:00,241.42588172290667,245.03530231181867,241.1502781594553,242.30004856786294,910970.1554524781
2026-09-16 23:00:00+00:00,242.30004856786294,243.66710914986663,241.80212053042422,242.41074483006688,1264883.6707684991
2026-09-17 00:00:00+00:00,242.41074483006688,243.91877423407468,242.00850074504314,243.6922232481815,1025759.9736954992
2026-09-17 01:00:00+00:00,243.6922232481815,245.759729514653,243.330684287755,244.8976404151597,1178269.1567289466
2026-09-17 02:00:00+00:00,244.8976404151597,245.55694773929253,241.36398610297007,243.14665275515435,1210646.7117509956
2026-09-17 03:00:00+00:00,243.14665275515435,245.01896705384544,242.9723430763002,244.11859445019056,986789.7070543441
2026-09-17 04:00:00+00:00,244.11859445019056,245.13359290406257,243.4256953336989,244.9209481887163,1000897.6265245631
2026-09-17 05:00:00+00:00,244.9209481887163,246.66237640036417,243.99809681793687,245.89882038988273,1161205.8019671133
2026-09-17 06:00:00+00:00,245.89882038988273,246.39368550187606,244.75943228416347,244.99967494390165,1280523.6135359283
2026-09-17 07:00:00+00:00,244.99967494390165,247.26852453576316,244.60431614954896,246.8742455767729,1347187.294348732
2026-09-17 08:00:00+00:00,246.8742455767729,249.7312938918212,246.49338715189606,249.49388019020105,1229244.5542557163
2026-09-17 09:00:00+00:00,249.49388019020105,250.5999640408859,248.79959054616393,249.52903443586254,1220225.820954738
2026-09-17 10:00:00+00:00,249.52903443586254,249.90930375381006,248.19936550434696,248.21191128868003,1220000.7517536315
2026-09-17 11:00:00+00:00,248.21191128868003,249.0181397108736,246.711412495786,248.45178778644848,1100986.1848908076
2026-09-17 12:00:00+00:00,248.45178778644848,251.71422817695924,247.45644486008229,249.87058228175292,1424410.4880777954
2026-09-17 13:00:00+00:00,249.87058228175292,251.83275589810017,249.27016034978948,251.36025835122334,1290399.6600248718
2026-09-17 14:00:00+00:00,251.36025835122334,252.39969414133614,249.29869973937207,250.18261667394165,1196369.5047807696
2026-09-17 15:00:00+00:00,250.18261667394165,250.19559859206802,249.6948403585209,250.18146484145663,842442.7503688125
2026-09-17 16:00:00+00:00,250.18146484145663,250.72252766775532,247.80318663935543,248.30332226576382,952905.4279375507
2026-09-17 17:00:00+00:00,248.30332226576382,249.08480358860155,246.7000743889878,248.58485970259488,856004.3180313433
2026-09-17 18:00:00+00:00,248.58485970259488,250.10971920979387,246.65609704236235,247.5938139461298,1226061.8838804716
2026-09-17 19:00:00+00:00,247.5938139461298,247.7922160669177,245.310876352561,245.66947444936324,876156.2152831451
2026-09-17 20:00:00+00:00,245.66947444936324,246.83073739883466,245.40950825927223,246.29737848697502,856409.8150104207
2026-09-17 21:00:00+00:00,246.29737848697502,246.68217059808842,246.21696987824023,246.51741606204442,1295020.389466563
2026-09-17 22:00:00+00:00,246.51741606204442,246.79472389782612,244.76511170236904,245.56646134070058,1298432.2196489996
2026-09-17 23:00:00+00:00,245.56646134070058,246.70259283378275,245.41383417962234,246.01634152512892,1480103.7817088093
